ABQ	ATL	 421	Albuquerque	Atlanta        
ABQ	BOS	 482	Albuquerque	Boston         
ABQ	DEN	 174	Albuquerque	Denver         
ABQ	EWR	 453	Albuquerque	Newark         
ABQ	LGA	 475	Albuquerque	New York       
ABQ	MSP	 399	Albuquerque	Minneapolis    
ABQ	ORD	 411	Albuquerque	Chicago        
ABQ	SAN	 213	Albuquerque	San Diego      
ALB	ATL	 220	Albany    	Atlanta        
ALB	LAS	 262	Albany    	Las Vegas      
ALB	LAX	 500	Albany    	Los Angeles    
ALB	ORD	 359	Albany    	Chicago        
ALB	TPA	 238	Albany    	Tampa          
ANC	LAS	 452	Anchorage 	Las Vegas      
ANC	PDX	 617	Anchorage 	Portland       
ANC	SEA	 545	Anchorage 	Seattle        
ATL	ABQ	 435	Atlanta   	Albuquerque    
ATL	ALB	 220	Atlanta   	Albany         
ATL	AMS	1437	Atlanta   	Amsterdam      
ATL	AUA	 353	Atlanta   	Oranjestad     
ATL	AUS	 322	Atlanta   	Austin         
ATL	BDL	 400	Atlanta   	Hartford       
ATL	BOS	 308	Atlanta   	Boston         
ATL	BUF	 198	Atlanta   	Buffalo        
ATL	BWI	 192	Atlanta   	Baltimore      
ATL	CAK	 189	Atlanta   	Akron          
ATL	CDG	1535	Atlanta   	Paris          
ATL	CLE	 294	Atlanta   	Cleveland      
ATL	CLT	 138	Atlanta   	Charlotte      
ATL	CMH	 160	Atlanta   	Columbus       
ATL	CUN	 354	Atlanta   	Cancun         
ATL	CVG	 339	Atlanta   	Cincinnati     
ATL	DAY	 167	Atlanta   	Dayton         
ATL	DCA	 180	Atlanta   	Washington     
ATL	DEN	 262	Atlanta   	Denver         
ATL	DFW	 188	Atlanta   	Dallas         
ATL	DTW	 180	Atlanta   	Detroit        
ATL	EWR	 238	Atlanta   	Newark         
ATL	FCO	1477	Atlanta   	Rome           
ATL	FLL	 120	Atlanta   	Ft. Lauderdale 
ATL	FRA	1578	Atlanta   	Frankfurt      
ATL	HNL	 864	Atlanta   	Honolulu       
ATL	HOU	 178	Atlanta   	Houston        
ATL	IAD	 198	Atlanta   	Washington     
ATL	IAH	 200	Atlanta   	Houston        
ATL	IND	 160	Atlanta   	Indianapolis   
ATL	JAX	 140	Atlanta   	Jacksonville   
ATL	JFK	 262	Atlanta   	New York       
ATL	LAS	 290	Atlanta   	Las Vegas      
ATL	LAX	 330	Atlanta   	Los Angeles    
ATL	LGA	 214	Atlanta   	New York       
ATL	LGW	1333	Atlanta   	London         
ATL	LIT	 298	Atlanta   	Little Rock    
ATL	MBJ	 305	Atlanta   	Montego Bay    
ATL	MCI	 180	Atlanta   	Kansas City    
ATL	MCO	 160	Atlanta   	Orlando        
ATL	MDW	 180	Atlanta   	Chicago        
ATL	MEM	 273	Atlanta   	Memphis        
ATL	MIA	 140	Atlanta   	Miami          
ATL	MKE	 178	Atlanta   	Milwaukee      
ATL	MSP	 209	Atlanta   	Minneapolis    
ATL	MSY	 238	Atlanta   	New Orleans    
ATL	NAS	 297	Atlanta   	Nassau         
ATL	OAK	 381	Atlanta   	Oakland        
ATL	OKC	 458	Atlanta   	Oklahoma City  
ATL	OMA	 386	Atlanta   	Omaha          
ATL	ONT	 367	Atlanta   	Ontario        
ATL	ORD	 180	Atlanta   	Chicago        
ATL	ORF	 264	Atlanta   	Norfolk        
ATL	PBI	 186	Atlanta   	West Palm Beach
ATL	PDX	 471	Atlanta   	Portland       
ATL	PHF	 270	Atlanta   	Hampton        
ATL	PHL	 180	Atlanta   	Philadelphia   
ATL	PHX	 230	Atlanta   	Phoenix        
ATL	PIT	 160	Atlanta   	Pittsburgh     
ATL	PVD	 308	Atlanta   	Providence     
ATL	PWM	 310	Atlanta   	Portland       
ATL	RDU	 158	Atlanta   	Raleigh        
ATL	RIC	 160	Atlanta   	Richmond       
ATL	ROC	 180	Atlanta   	Rochester      
ATL	RSW	 304	Atlanta   	Ft. Myers      
ATL	SAN	 430	Atlanta   	San Diego      
ATL	SAT	 275	Atlanta   	San Antonio    
ATL	SAV	 284	Atlanta   	Savannah       
ATL	SDF	 258	Atlanta   	Louisville     
ATL	SEA	 310	Atlanta   	Seattle        
ATL	SFO	 430	Atlanta   	San Francisco  
ATL	SJC	 329	Atlanta   	San Jose       
ATL	SJU	 263	Atlanta   	San Juan       
ATL	SLC	 330	Atlanta   	Salt Lake City 
ATL	SMF	 451	Atlanta   	Sacramento     
ATL	SNA	 281	Atlanta   	Santa Ana      
ATL	SRQ	 160	Atlanta   	Sarasota       
ATL	STL	 171	Atlanta   	St. Louis      
ATL	SYR	 389	Atlanta   	Syracuse       
ATL	TPA	 160	Atlanta   	Tampa          
ATL	YUL	 560	Atlanta   	Montreal       
ATL	YVR	 485	Atlanta   	Vancouver      
ATL	YYZ	 571	Atlanta   	Toronto        
AUS	ATL	 322	Austin    	Atlanta        
AUS	BOS	 283	Austin    	Boston         
AUS	BWI	 374	Austin    	Baltimore      
AUS	DCA	 323	Austin    	Washington     
AUS	DEN	 222	Austin    	Denver         
AUS	DFW	 120	Austin    	Dallas         
AUS	DTW	 461	Austin    	Detroit        
AUS	EWR	 402	Austin    	Newark         
AUS	IAD	 461	Austin    	Washington     
AUS	LAX	 345	Austin    	Los Angeles    
AUS	LGA	 322	Austin    	New York       
AUS	MCO	 237	Austin    	Orlando        
AUS	MSP	 374	Austin    	Minneapolis    
AUS	ORD	 384	Austin    	Chicago        
AUS	PDX	 291	Austin    	Portland       
AUS	PHL	 274	Austin    	Philadelphia   
AUS	PHX	 241	Austin    	Phoenix        
AUS	RDU	 388	Austin    	Raleigh        
AUS	SEA	 292	Austin    	Seattle        
AUS	SFO	 271	Austin    	San Francisco  
AUS	SJC	 296	Austin    	San Jose       
BDL	ATL	 400	Hartford  	Atlanta        
BDL	BNA	 297	Hartford  	Nashville      
BDL	CLT	 269	Hartford  	Charlotte      
BDL	DCA	 228	Hartford  	Washington     
BDL	DEN	 321	Hartford  	Denver         
BDL	DFW	 398	Hartford  	Dallas         
BDL	DTW	 431	Hartford  	Detroit        
BDL	FLL	 233	Hartford  	Ft. Lauderdale 
BDL	IAD	 268	Hartford  	Washington     
BDL	IAH	 286	Hartford  	Houston        
BDL	IND	 314	Hartford  	Indianapolis   
BDL	LAS	 321	Hartford  	Las Vegas      
BDL	LAX	 419	Hartford  	Los Angeles    
BDL	MCO	 223	Hartford  	Orlando        
BDL	MIA	 243	Hartford  	Miami          
BDL	MSP	 508	Hartford  	Minneapolis    
BDL	ORD	 385	Hartford  	Chicago        
BDL	PBI	 257	Hartford  	West Palm Beach
BDL	PHX	 328	Hartford  	Phoenix        
BDL	PIT	 220	Hartford  	Pittsburgh     
BDL	RDU	 238	Hartford  	Raleigh        
BDL	RSW	 251	Hartford  	Ft. Myers      
BDL	SAN	 430	Hartford  	San Diego      
BDL	SEA	 460	Hartford  	Seattle        
BDL	SFO	 321	Hartford  	San Francisco  
BDL	SJU	 249	Hartford  	San Juan       
BDL	STL	 381	Hartford  	St. Louis      
BDL	TPA	 238	Hartford  	Tampa          
BHM	DFW	 320	Birmingham	Dallas         
BHM	LAS	 355	Birmingham	Las Vegas      
BHM	LGA	 276	Birmingham	New York       
BHM	MCO	 190	Birmingham	Orlando        
BNA	DCA	 278	Nashville 	Washington     
BNA	DEN	 262	Nashville 	Denver         
BNA	DFW	 319	Nashville 	Dallas         
BNA	DTW	 198	Nashville 	Detroit        
BNA	EWR	 237	Nashville 	Newark         
BNA	LAX	 424	Nashville 	Los Angeles    
BNA	LGA	 273	Nashville 	New York       
BNA	MSP	 406	Nashville 	Minneapolis    
BNA	ORD	 206	Nashville 	Chicago        
BNA	PHL	 291	Nashville 	Philadelphia   
BNA	SEA	 260	Nashville 	Seattle        
BOI	DEN	 244	Boise     	Denver         
BOI	LAX	 327	Boise     	Los Angeles    
BOI	PDX	 170	Boise     	Portland       
BOI	PHX	 292	Boise     	Phoenix        
BOI	SEA	 200	Boise     	Seattle        
BOS	AMS	1180	Boston    	Amsterdam      
BOS	ATL	 308	Boston    	Atlanta        
BOS	AUA	 405	Boston    	Oranjestad     
BOS	AUS	 283	Boston    	Austin         
BOS	BDA	 318	Boston    	St. George     
BOS	BUF	 114	Boston    	Buffalo        
BOS	BWI	 140	Boston    	Baltimore      
BOS	CDG	1178	Boston    	Paris          
BOS	CLE	 259	Boston    	Cleveland      
BOS	CLT	 178	Boston    	Charlotte      
BOS	CMH	 363	Boston    	Columbus       
BOS	CUN	 382	Boston    	Cancun         
BOS	CVG	 350	Boston    	Cincinnati     
BOS	DAY	 271	Boston    	Dayton         
BOS	DCA	 160	Boston    	Washington     
BOS	DEN	 242	Boston    	Denver         
BOS	DFW	 213	Boston    	Dallas         
BOS	DTW	 348	Boston    	Detroit        
BOS	EWR	 134	Boston    	Newark         
BOS	FCO	1313	Boston    	Rome           
BOS	FLL	 234	Boston    	Ft. Lauderdale 
BOS	FRA	 833	Boston    	Frankfurt      
BOS	GSO	 226	Boston    	Greensboro     
BOS	HNL	 904	Boston    	Honolulu       
BOS	IAD	 168	Boston    	Washington     
BOS	IAH	 306	Boston    	Houston        
BOS	IND	 397	Boston    	Indianapolis   
BOS	JAX	 240	Boston    	Jacksonville   
BOS	JFK	 137	Boston    	New York       
BOS	LAS	 318	Boston    	Las Vegas      
BOS	LAX	 352	Boston    	Los Angeles    
BOS	LGA	 443	Boston    	New York       
BOS	LGB	 351	Boston    	Long Beach     
BOS	LHR	 760	Boston    	London         
BOS	MAD	1077	Boston    	Madrid         
BOS	MBJ	 360	Boston    	Montego Bay    
BOS	MCI	 301	Boston    	Kansas City    
BOS	MCO	 280	Boston    	Orlando        
BOS	MDW	 215	Boston    	Chicago        
BOS	MEM	 281	Boston    	Memphis        
BOS	MEX	 474	Boston    	Mexico City    
BOS	MIA	 235	Boston    	Miami          
BOS	MKE	 275	Boston    	Milwaukee      
BOS	MSP	 281	Boston    	Minneapolis    
BOS	MSY	 243	Boston    	New Orleans    
BOS	NAS	 325	Boston    	Nassau         
BOS	OAK	 367	Boston    	Oakland        
BOS	ORD	 194	Boston    	Chicago        
BOS	ORF	 319	Boston    	Norfolk        
BOS	PBI	 251	Boston    	West Palm Beach
BOS	PDX	 360	Boston    	Portland       
BOS	PHF	 339	Boston    	Hampton        
BOS	PHL	 215	Boston    	Philadelphia   
BOS	PHX	 299	Boston    	Phoenix        
BOS	PIT	 171	Boston    	Pittsburgh     
BOS	PVR	 647	Boston    	Puerto Vallarta
BOS	RDU	 206	Boston    	Raleigh        
BOS	RIC	 150	Boston    	Richmond       
BOS	RSW	 296	Boston    	Ft. Myers      
BOS	SAN	 284	Boston    	San Diego      
BOS	SAV	 308	Boston    	Savannah       
BOS	SDQ	 341	Boston    	Santo Domingo  
BOS	SEA	 320	Boston    	Seattle        
BOS	SFO	 338	Boston    	San Francisco  
BOS	SJC	 373	Boston    	San Jose       
BOS	SJU	 245	Boston    	San Juan       
BOS	SLC	 368	Boston    	Salt Lake City 
BOS	STL	 241	Boston    	St. Louis      
BOS	TPA	 298	Boston    	Tampa          
BOS	YUL	 562	Boston    	Montreal       
BOS	YVR	 596	Boston    	Vancouver      
BOS	YYZ	 239	Boston    	Toronto        
BUF	ATL	 180	Buffalo   	Atlanta        
BUF	BOS	 124	Buffalo   	Boston         
BUF	BWI	 161	Buffalo   	Baltimore      
BUF	CLT	 268	Buffalo   	Charlotte      
BUF	DFW	 250	Buffalo   	Dallas         
BUF	EWR	 244	Buffalo   	Newark         
BUF	FLL	 234	Buffalo   	Ft. Lauderdale 
BUF	JFK	 160	Buffalo   	New York       
BUF	LAS	 241	Buffalo   	Las Vegas      
BUF	LAX	 385	Buffalo   	Los Angeles    
BUF	LGA	 160	Buffalo   	New York       
BUF	MCO	 210	Buffalo   	Orlando        
BUF	ORD	 220	Buffalo   	Chicago        
BUF	PHX	 321	Buffalo   	Phoenix        
BUF	RSW	 246	Buffalo   	Ft. Myers      
BUF	TPA	 238	Buffalo   	Tampa          
BUR	DFW	 291	Burbank   	Dallas         
BUR	JFK	 371	Burbank   	New York       
BUR	PDX	 219	Burbank   	Portland       
BUR	SEA	 239	Burbank   	Seattle        
BUR	SFO	 238	Burbank   	San Francisco  
BWI	ABQ	 320	Baltimore 	Albuquerque    
BWI	ATL	 180	Baltimore 	Atlanta        
BWI	AUS	 323	Baltimore 	Austin         
BWI	BNA	 180	Baltimore 	Nashville      
BWI	BOS	 140	Baltimore 	Boston         
BWI	BUF	 161	Baltimore 	Buffalo        
BWI	CLE	 140	Baltimore 	Cleveland      
BWI	CLT	 172	Baltimore 	Charlotte      
BWI	CMH	 195	Baltimore 	Columbus       
BWI	DAY	 174	Baltimore 	Dayton         
BWI	DEN	 370	Baltimore 	Denver         
BWI	DFW	 273	Baltimore 	Dallas         
BWI	DTW	 195	Baltimore 	Detroit        
BWI	FLL	 204	Baltimore 	Ft. Lauderdale 
BWI	HNL	 905	Baltimore 	Honolulu       
BWI	IAH	 345	Baltimore 	Houston        
BWI	IND	 181	Baltimore 	Indianapolis   
BWI	LAS	 280	Baltimore 	Las Vegas      
BWI	LAX	 349	Baltimore 	Los Angeles    
BWI	MCI	 241	Baltimore 	Kansas City    
BWI	MIA	 204	Baltimore 	Miami          
BWI	MSP	 311	Baltimore 	Minneapolis    
BWI	MSY	 238	Baltimore 	New Orleans    
BWI	OKC	 241	Baltimore 	Oklahoma City  
BWI	ONT	 370	Baltimore 	Ontario        
BWI	ORD	 303	Baltimore 	Chicago        
BWI	PDX	 491	Baltimore 	Portland       
BWI	PHX	 410	Baltimore 	Phoenix        
BWI	RSW	 181	Baltimore 	Ft. Myers      
BWI	SAN	 305	Baltimore 	San Diego      
BWI	SAT	 278	Baltimore 	San Antonio    
BWI	SEA	 305	Baltimore 	Seattle        
BWI	SFO	 489	Baltimore 	San Francisco  
BWI	SJC	 300	Baltimore 	San Jose       
BWI	SLC	 472	Baltimore 	Salt Lake City 
BWI	SMF	 558	Baltimore 	Sacramento     
BWI	SNA	 353	Baltimore 	Santa Ana      
BWI	STL	 315	Baltimore 	St. Louis      
BWI	YYZ	 453	Baltimore 	Toronto        
CLE	ATL	 294	Cleveland 	Atlanta        
CLE	BNA	 197	Cleveland 	Nashville      
CLE	BOS	 241	Cleveland 	Boston         
CLE	BWI	 140	Cleveland 	Baltimore      
CLE	CUN	 510	Cleveland 	Cancun         
CLE	DCA	 295	Cleveland 	Washington     
CLE	DEN	 304	Cleveland 	Denver         
CLE	DFW	 322	Cleveland 	Dallas         
CLE	EWR	 311	Cleveland 	Newark         
CLE	FLL	 254	Cleveland 	Ft. Lauderdale 
CLE	HNL	1123	Cleveland 	Honolulu       
CLE	IAH	 290	Cleveland 	Houston        
CLE	LAS	 480	Cleveland 	Las Vegas      
CLE	LAX	 340	Cleveland 	Los Angeles    
CLE	LGA	 301	Cleveland 	New York       
CLE	MBJ	 484	Cleveland 	Montego Bay    
CLE	MCI	 378	Cleveland 	Kansas City    
CLE	MCO	 270	Cleveland 	Orlando        
CLE	MIA	 430	Cleveland 	Miami          
CLE	MSP	 347	Cleveland 	Minneapolis    
CLE	NAS	 456	Cleveland 	Nassau         
CLE	ORD	 200	Cleveland 	Chicago        
CLE	PHL	 411	Cleveland 	Philadelphia   
CLE	PHX	 480	Cleveland 	Phoenix        
CLE	RDU	 235	Cleveland 	Raleigh        
CLE	RSW	 380	Cleveland 	Ft. Myers      
CLE	SAN	 521	Cleveland 	San Diego      
CLE	SEA	 552	Cleveland 	Seattle        
CLE	SFO	 537	Cleveland 	San Francisco  
CLE	STL	 248	Cleveland 	St. Louis      
CLE	TPA	 240	Cleveland 	Tampa          
CLT	AMS	1393	Charlotte 	Amsterdam      
CLT	ATL	 138	Charlotte 	Atlanta        
CLT	BDL	 269	Charlotte 	Hartford       
CLT	BOS	 178	Charlotte 	Boston         
CLT	BUF	 268	Charlotte 	Buffalo        
CLT	BWI	 172	Charlotte 	Baltimore      
CLT	CDG	1139	Charlotte 	Paris          
CLT	DEN	 352	Charlotte 	Denver         
CLT	DFW	 330	Charlotte 	Dallas         
CLT	DTW	 330	Charlotte 	Detroit        
CLT	EWR	 228	Charlotte 	Newark         
CLT	FCO	1377	Charlotte 	Rome           
CLT	FLL	 240	Charlotte 	Ft. Lauderdale 
CLT	IAD	 248	Charlotte 	Washington     
CLT	IAH	 418	Charlotte 	Houston        
CLT	LAS	 288	Charlotte 	Las Vegas      
CLT	LAX	 396	Charlotte 	Los Angeles    
CLT	LGA	 208	Charlotte 	New York       
CLT	LGW	1184	Charlotte 	London         
CLT	MCO	 172	Charlotte 	Orlando        
CLT	MEM	 371	Charlotte 	Memphis        
CLT	MIA	 370	Charlotte 	Miami          
CLT	MSP	 458	Charlotte 	Minneapolis    
CLT	ORD	 312	Charlotte 	Chicago        
CLT	PHL	 237	Charlotte 	Philadelphia   
CLT	PIT	 262	Charlotte 	Pittsburgh     
CLT	SEA	 240	Charlotte 	Seattle        
CLT	SFO	 431	Charlotte 	San Francisco  
CLT	TPA	 266	Charlotte 	Tampa          
CMH	ATL	 240	Columbus  	Atlanta        
CMH	BOS	 363	Columbus  	Boston         
CMH	BWI	 195	Columbus  	Baltimore      
CMH	DCA	 221	Columbus  	Washington     
CMH	DEN	 360	Columbus  	Denver         
CMH	DFW	 315	Columbus  	Dallas         
CMH	EWR	 332	Columbus  	Newark         
CMH	FLL	 221	Columbus  	Ft. Lauderdale 
CMH	IAH	 390	Columbus  	Houston        
CMH	LAS	 281	Columbus  	Las Vegas      
CMH	LAX	 466	Columbus  	Los Angeles    
CMH	LGA	 312	Columbus  	New York       
CMH	MCO	 235	Columbus  	Orlando        
CMH	MIA	 230	Columbus  	Miami          
CMH	MSP	 403	Columbus  	Minneapolis    
CMH	ORD	 174	Columbus  	Chicago        
CMH	PHL	 271	Columbus  	Philadelphia   
CMH	PHX	 340	Columbus  	Phoenix        
CMH	RSW	 235	Columbus  	Ft. Myers      
CMH	SAN	 348	Columbus  	San Diego      
CMH	SEA	 412	Columbus  	Seattle        
CMH	SFO	 383	Columbus  	San Francisco  
CMH	TPA	 238	Columbus  	Tampa          
CVG	BOS	 362	Cincinnati	Boston         
CVG	DEN	 382	Cincinnati	Denver         
CVG	DFW	 380	Cincinnati	Dallas         
CVG	EWR	 433	Cincinnati	Newark         
CVG	FLL	 237	Cincinnati	Ft. Lauderdale 
CVG	LAS	 416	Cincinnati	Las Vegas      
CVG	LAX	 480	Cincinnati	Los Angeles    
CVG	LGA	 377	Cincinnati	New York       
CVG	MCO	 276	Cincinnati	Orlando        
CVG	MIA	 352	Cincinnati	Miami          
CVG	ORD	 310	Cincinnati	Chicago        
CVG	PHX	 414	Cincinnati	Phoenix        
CVG	RSW	 334	Cincinnati	Ft. Myers      
CVG	SEA	 450	Cincinnati	Seattle        
CVG	SFO	 462	Cincinnati	San Francisco  
CVG	TPA	 268	Cincinnati	Tampa          
DAY	ATL	 160	Dayton    	Atlanta        
DAY	BOS	 271	Dayton    	Boston         
DAY	BWI	 174	Dayton    	Baltimore      
DAY	DFW	 322	Dayton    	Dallas         
DAY	LAS	 333	Dayton    	Las Vegas      
DAY	LAX	 391	Dayton    	Los Angeles    
DAY	LGA	 230	Dayton    	New York       
DAY	MCO	 228	Dayton    	Orlando        
DAY	TPA	 238	Dayton    	Tampa          
DCA	ABQ	 507	Washington	Albuquerque    
DCA	ATL	 200	Washington	Atlanta        
DCA	AUA	 373	Washington	Oranjestad     
DCA	AUS	 452	Washington	Austin         
DCA	BDL	 228	Washington	Hartford       
DCA	BNA	 278	Washington	Nashville      
DCA	BOS	 160	Washington	Boston         
DCA	CHS	 244	Washington	Charleston     
DCA	CLE	 315	Washington	Cleveland      
DCA	CMH	 221	Washington	Columbus       
DCA	CUN	 416	Washington	Cancun         
DCA	CVG	 382	Washington	Cincinnati     
DCA	DEN	 310	Washington	Denver         
DCA	DFW	 369	Washington	Dallas         
DCA	DTW	 348	Washington	Detroit        
DCA	EWR	 315	Washington	Newark         
DCA	FLL	 158	Washington	Ft. Lauderdale 
DCA	IAH	 309	Washington	Houston        
DCA	IND	 347	Washington	Indianapolis   
DCA	JAX	 282	Washington	Jacksonville   
DCA	LAS	 442	Washington	Las Vegas      
DCA	LAX	 438	Washington	Los Angeles    
DCA	LGA	 377	Washington	New York       
DCA	MBJ	 325	Washington	Montego Bay    
DCA	MCI	 240	Washington	Kansas City    
DCA	MCO	 190	Washington	Orlando        
DCA	MEM	 414	Washington	Memphis        
DCA	MIA	 230	Washington	Miami          
DCA	MKE	 235	Washington	Milwaukee      
DCA	MSP	 324	Washington	Minneapolis    
DCA	MSY	 260	Washington	New Orleans    
DCA	NAS	 317	Washington	Nassau         
DCA	OMA	 279	Washington	Omaha          
DCA	ORD	 288	Washington	Chicago        
DCA	PBI	 181	Washington	West Palm Beach
DCA	PDX	 453	Washington	Portland       
DCA	PHX	 328	Washington	Phoenix        
DCA	PVD	 208	Washington	Providence     
DCA	RDU	 280	Washington	Raleigh        
DCA	RSW	 290	Washington	Ft. Myers      
DCA	SAN	 440	Washington	San Diego      
DCA	SAT	 436	Washington	San Antonio    
DCA	SEA	 380	Washington	Seattle        
DCA	SFO	 295	Washington	San Francisco  
DCA	SLC	 426	Washington	Salt Lake City 
DCA	STL	 241	Washington	St. Louis      
DCA	TPA	 180	Washington	Tampa          
DCA	YUL	 351	Washington	Montreal       
DCA	YYZ	 366	Washington	Toronto        
DEN	ABQ	 174	Denver    	Albuquerque    
DEN	AMS	1393	Denver    	Amsterdam      
DEN	ANC	 382	Denver    	Anchorage      
DEN	ATL	 262	Denver    	Atlanta        
DEN	AUS	 208	Denver    	Austin         
DEN	BDL	 321	Denver    	Hartford       
DEN	BNA	 284	Denver    	Nashville      
DEN	BOS	 242	Denver    	Boston         
DEN	BWI	 368	Denver    	Baltimore      
DEN	CAK	 278	Denver    	Akron          
DEN	CDG	1363	Denver    	Paris          
DEN	CLE	 328	Denver    	Cleveland      
DEN	CLT	 212	Denver    	Charlotte      
DEN	CMH	 308	Denver    	Columbus       
DEN	CUN	 425	Denver    	Cancun         
DEN	CVG	 382	Denver    	Cincinnati     
DEN	DCA	 310	Denver    	Washington     
DEN	DFW	 128	Denver    	Dallas         
DEN	DTW	 298	Denver    	Detroit        
DEN	EWR	 280	Denver    	Newark         
DEN	FCO	1426	Denver    	Rome           
DEN	FLL	 208	Denver    	Ft. Lauderdale 
DEN	GEG	 182	Denver    	Spokane        
DEN	HNL	 837	Denver    	Honolulu       
DEN	IAD	 310	Denver    	Washington     
DEN	IAH	 288	Denver    	Houston        
DEN	IND	 272	Denver    	Indianapolis   
DEN	JFK	 260	Denver    	New York       
DEN	LAS	 128	Denver    	Las Vegas      
DEN	LAX	 165	Denver    	Los Angeles    
DEN	LGA	 250	Denver    	New York       
DEN	LHR	1175	Denver    	London         
DEN	MCI	 220	Denver    	Kansas City    
DEN	MCO	 234	Denver    	Orlando        
DEN	MDW	 214	Denver    	Chicago        
DEN	MIA	 328	Denver    	Miami          
DEN	MKE	 260	Denver    	Milwaukee      
DEN	MSP	 216	Denver    	Minneapolis    
DEN	MSY	 240	Denver    	New Orleans    
DEN	OAK	 179	Denver    	Oakland        
DEN	OKC	 200	Denver    	Oklahoma City  
DEN	OMA	 209	Denver    	Omaha          
DEN	ONT	 286	Denver    	Ontario        
DEN	ORD	 148	Denver    	Chicago        
DEN	PDX	 220	Denver    	Portland       
DEN	PHL	 328	Denver    	Philadelphia   
DEN	PHX	 232	Denver    	Phoenix        
DEN	PIT	 358	Denver    	Pittsburgh     
DEN	PVR	 419	Denver    	Puerto Vallarta
DEN	RDU	 237	Denver    	Raleigh        
DEN	RNO	 297	Denver    	Reno           
DEN	SAN	 206	Denver    	San Diego      
DEN	SAT	 272	Denver    	San Antonio    
DEN	SEA	 220	Denver    	Seattle        
DEN	SFO	 262	Denver    	San Francisco  
DEN	SJC	 264	Denver    	San Jose       
DEN	SJD	 336	Denver    	San Jose Cabo  
DEN	SLC	 174	Denver    	Salt Lake City 
DEN	SMF	 267	Denver    	Sacramento     
DEN	SNA	 238	Denver    	Santa Ana      
DEN	STL	 152	Denver    	St. Louis      
DEN	TPA	 350	Denver    	Tampa          
DEN	TUS	 232	Denver    	Tucson         
DEN	YVR	 510	Denver    	Vancouver      
DEN	YYZ	 541	Denver    	Toronto        
DFW	ABQ	 314	Dallas    	Albuquerque    
DFW	AMS	1417	Dallas    	Amsterdam      
DFW	ATL	 188	Dallas    	Atlanta        
DFW	AUS	 120	Dallas    	Austin         
DFW	BDL	 323	Dallas    	Hartford       
DFW	BHM	 368	Dallas    	Birmingham     
DFW	BNA	 396	Dallas    	Nashville      
DFW	BOS	 193	Dallas    	Boston         
DFW	BUF	 241	Dallas    	Buffalo        
DFW	BUR	 291	Dallas    	Burbank        
DFW	BWI	 274	Dallas    	Baltimore      
DFW	CDG	1236	Dallas    	Paris          
DFW	CLE	 322	Dallas    	Cleveland      
DFW	CLT	 330	Dallas    	Charlotte      
DFW	CMH	 332	Dallas    	Columbus       
DFW	COS	 319	Dallas    	Colorado Springs
DFW	CUN	 426	Dallas    	Cancun         
DFW	CVG	 380	Dallas    	Cincinnati     
DFW	DAY	 380	Dallas    	Dayton         
DFW	DCA	 369	Dallas    	Washington     
DFW	DEN	 128	Dallas    	Denver         
DFW	DTW	 286	Dallas    	Detroit        
DFW	ELP	 248	Dallas    	El Paso        
DFW	EWR	 353	Dallas    	Newark         
DFW	FCO	1340	Dallas    	Rome           
DFW	FLL	 228	Dallas    	Ft. Lauderdale 
DFW	HNL	 774	Dallas    	Honolulu       
DFW	HOU	 118	Dallas    	Houston        
DFW	IAD	 372	Dallas    	Washington     
DFW	IAH	 118	Dallas    	Houston        
DFW	IND	 378	Dallas    	Indianapolis   
DFW	JAX	 318	Dallas    	Jacksonville   
DFW	JFK	 349	Dallas    	New York       
DFW	LAS	 188	Dallas    	Las Vegas      
DFW	LAX	 291	Dallas    	Los Angeles    
DFW	LGA	 317	Dallas    	New York       
DFW	LGW	1237	Dallas    	London         
DFW	MBJ	 430	Dallas    	Montego Bay    
DFW	MCI	 220	Dallas    	Kansas City    
DFW	MCO	 244	Dallas    	Orlando        
DFW	MDW	 286	Dallas    	Chicago        
DFW	MEM	 367	Dallas    	Memphis        
DFW	MEX	 478	Dallas    	Mexico City    
DFW	MIA	 327	Dallas    	Miami          
DFW	MKE	 332	Dallas    	Milwaukee      
DFW	MSP	 338	Dallas    	Minneapolis    
DFW	MSY	 200	Dallas    	New Orleans    
DFW	NAS	 348	Dallas    	Nassau         
DFW	OAK	 301	Dallas    	Oakland        
DFW	ONT	 323	Dallas    	Ontario        
DFW	ORD	 222	Dallas    	Chicago        
DFW	ORF	 322	Dallas    	Norfolk        
DFW	PDX	 228	Dallas    	Portland       
DFW	PHL	 503	Dallas    	Philadelphia   
DFW	PHX	 302	Dallas    	Phoenix        
DFW	PIT	 241	Dallas    	Pittsburgh     
DFW	PVR	 563	Dallas    	Puerto Vallarta
DFW	RDU	 320	Dallas    	Raleigh        
DFW	RIC	 300	Dallas    	Richmond       
DFW	RNO	 316	Dallas    	Reno           
DFW	SAN	 248	Dallas    	San Diego      
DFW	SAT	 188	Dallas    	San Antonio    
DFW	SDF	 372	Dallas    	Louisville     
DFW	SEA	 317	Dallas    	Seattle        
DFW	SFO	 318	Dallas    	San Francisco  
DFW	SJC	 487	Dallas    	San Jose       
DFW	SLC	 351	Dallas    	Salt Lake City 
DFW	SMF	 322	Dallas    	Sacramento     
DFW	SNA	 320	Dallas    	Santa Ana      
DFW	STL	 338	Dallas    	St. Louis      
DFW	TPA	 248	Dallas    	Tampa          
DFW	TUS	 290	Dallas    	Tucson         
DFW	YVR	 610	Dallas    	Vancouver      
DFW	YYZ	 591	Dallas    	Toronto        
DTW	AMS	1457	Detroit   	Amsterdam      
DTW	ATL	 249	Detroit   	Atlanta        
DTW	AUA	 367	Detroit   	Oranjestad     
DTW	AUS	 407	Detroit   	Austin         
DTW	BDL	 415	Detroit   	Hartford       
DTW	BHM	 398	Detroit   	Birmingham     
DTW	BNA	 198	Detroit   	Nashville      
DTW	BOS	 368	Detroit   	Boston         
DTW	BWI	 200	Detroit   	Baltimore      
DTW	CDG	1306	Detroit   	Paris          
DTW	CLT	 330	Detroit   	Charlotte      
DTW	CUN	 468	Detroit   	Cancun         
DTW	DCA	 348	Detroit   	Washington     
DTW	DEN	 298	Detroit   	Denver         
DTW	DFW	 302	Detroit   	Dallas         
DTW	EWR	 366	Detroit   	Newark         
DTW	FCO	1517	Detroit   	Rome           
DTW	FLL	 188	Detroit   	Ft. Lauderdale 
DTW	HNL	1036	Detroit   	Honolulu       
DTW	IAD	 348	Detroit   	Washington     
DTW	IAH	 414	Detroit   	Houston        
DTW	JAX	 248	Detroit   	Jacksonville   
DTW	LAS	 268	Detroit   	Las Vegas      
DTW	LAX	 306	Detroit   	Los Angeles    
DTW	LGA	 188	Detroit   	New York       
DTW	LGW	1301	Detroit   	London         
DTW	MBJ	 348	Detroit   	Montego Bay    
DTW	MCI	 404	Detroit   	Kansas City    
DTW	MCO	 138	Detroit   	Orlando        
DTW	MIA	 238	Detroit   	Miami          
DTW	MSP	 261	Detroit   	Minneapolis    
DTW	NAS	 294	Detroit   	Nassau         
DTW	OAK	 392	Detroit   	Oakland        
DTW	ORD	  68	Detroit   	Chicago        
DTW	PDX	 399	Detroit   	Portland       
DTW	PHL	 388	Detroit   	Philadelphia   
DTW	PHX	 391	Detroit   	Phoenix        
DTW	PVR	 696	Detroit   	Puerto Vallarta
DTW	RDU	 271	Detroit   	Raleigh        
DTW	RNO	 443	Detroit   	Reno           
DTW	RSW	 168	Detroit   	Ft. Myers      
DTW	SAN	 449	Detroit   	San Diego      
DTW	SAT	 431	Detroit   	San Antonio    
DTW	SEA	 358	Detroit   	Seattle        
DTW	SFO	 432	Detroit   	San Francisco  
DTW	SJC	 377	Detroit   	San Jose       
DTW	SLC	 379	Detroit   	Salt Lake City 
DTW	SMF	 364	Detroit   	Sacramento     
DTW	SNA	 331	Detroit   	Santa Ana      
DTW	STL	 200	Detroit   	St. Louis      
DTW	TPA	 168	Detroit   	Tampa          
DTW	YVR	 486	Detroit   	Vancouver      
EWR	ABQ	 453	Newark    	Albuquerque    
EWR	AMS	1216	Newark    	Amsterdam      
EWR	ATL	 300	Newark    	Atlanta        
EWR	AUA	 375	Newark    	Oranjestad     
EWR	AUS	 402	Newark    	Austin         
EWR	BDA	 299	Newark    	St. George     
EWR	BNA	 237	Newark    	Nashville      
EWR	BOS	 134	Newark    	Boston         
EWR	BUF	 244	Newark    	Buffalo        
EWR	CDG	1156	Newark    	Paris          
EWR	CLE	 321	Newark    	Cleveland      
EWR	CLT	 228	Newark    	Charlotte      
EWR	CMH	 293	Newark    	Columbus       
EWR	CUN	 513	Newark    	Cancun         
EWR	CVG	 398	Newark    	Cincinnati     
EWR	DCA	 315	Newark    	Washington     
EWR	DEN	 290	Newark    	Denver         
EWR	DFW	 353	Newark    	Dallas         
EWR	DTW	 366	Newark    	Detroit        
EWR	FCO	1256	Newark    	Rome           
EWR	FLL	 238	Newark    	Ft. Lauderdale 
EWR	FRA	 864	Newark    	Frankfurt      
EWR	GSO	 268	Newark    	Greensboro     
EWR	HNL	 720	Newark    	Honolulu       
EWR	IAH	 315	Newark    	Houston        
EWR	IND	 323	Newark    	Indianapolis   
EWR	JAX	 238	Newark    	Jacksonville   
EWR	LAS	 378	Newark    	Las Vegas      
EWR	LAX	 400	Newark    	Los Angeles    
EWR	LHR	1046	Newark    	London         
EWR	MAD	 990	Newark    	Madrid         
EWR	MBJ	 366	Newark    	Montego Bay    
EWR	MCI	 388	Newark    	Kansas City    
EWR	MCO	 238	Newark    	Orlando        
EWR	MEM	 382	Newark    	Memphis        
EWR	MEX	 426	Newark    	Mexico City    
EWR	MIA	 250	Newark    	Miami          
EWR	MKE	 287	Newark    	Milwaukee      
EWR	MSP	 260	Newark    	Minneapolis    
EWR	MSY	 248	Newark    	New Orleans    
EWR	NAS	 283	Newark    	Nassau         
EWR	ORD	 296	Newark    	Chicago        
EWR	PBI	 218	Newark    	West Palm Beach
EWR	PDX	 418	Newark    	Portland       
EWR	PHX	 340	Newark    	Phoenix        
EWR	PIT	 271	Newark    	Pittsburgh     
EWR	PUJ	 471	Newark    	Jaguey         
EWR	RDU	 230	Newark    	Raleigh        
EWR	RSW	 200	Newark    	Ft. Myers      
EWR	SAN	 358	Newark    	San Diego      
EWR	SAT	 316	Newark    	San Antonio    
EWR	SAV	 424	Newark    	Savannah       
EWR	SDQ	 405	Newark    	Santo Domingo  
EWR	SEA	 420	Newark    	Seattle        
EWR	SFO	 323	Newark    	San Francisco  
EWR	SJC	 366	Newark    	San Jose       
EWR	SJU	 278	Newark    	San Juan       
EWR	SLC	 329	Newark    	Salt Lake City 
EWR	SNA	 271	Newark    	Santa Ana      
EWR	STL	 266	Newark    	St. Louis      
EWR	TPA	 230	Newark    	Tampa          
EWR	YUL	 405	Newark    	Montreal       
EWR	YVR	 588	Newark    	Vancouver      
EWR	YYZ	 280	Newark    	Toronto        
FLL	ATL	 148	Ft. Lauderdale	Atlanta        
FLL	BDL	 238	Ft. Lauderdale	Hartford       
FLL	BOS	 234	Ft. Lauderdale	Boston         
FLL	BUF	 234	Ft. Lauderdale	Buffalo        
FLL	BWI	 204	Ft. Lauderdale	Baltimore      
FLL	CDG	1092	Ft. Lauderdale	Paris          
FLL	CLE	 270	Ft. Lauderdale	Cleveland      
FLL	CLT	 240	Ft. Lauderdale	Charlotte      
FLL	CUN	 314	Ft. Lauderdale	Cancun         
FLL	DCA	 158	Ft. Lauderdale	Washington     
FLL	DEN	 208	Ft. Lauderdale	Denver         
FLL	DFW	 228	Ft. Lauderdale	Dallas         
FLL	DTW	 188	Ft. Lauderdale	Detroit        
FLL	EWR	 233	Ft. Lauderdale	Newark         
FLL	IAD	 188	Ft. Lauderdale	Washington     
FLL	IAH	 338	Ft. Lauderdale	Houston        
FLL	IND	 228	Ft. Lauderdale	Indianapolis   
FLL	JFK	 229	Ft. Lauderdale	New York       
FLL	KIN	 163	Ft. Lauderdale	Kingston       
FLL	LAS	 271	Ft. Lauderdale	Las Vegas      
FLL	LAX	 320	Ft. Lauderdale	Los Angeles    
FLL	LGA	 208	Ft. Lauderdale	New York       
FLL	LGW	1176	Ft. Lauderdale	London         
FLL	MBJ	 231	Ft. Lauderdale	Montego Bay    
FLL	MSP	 335	Ft. Lauderdale	Minneapolis    
FLL	NAS	 147	Ft. Lauderdale	Nassau         
FLL	ORD	 208	Ft. Lauderdale	Chicago        
FLL	PHL	 294	Ft. Lauderdale	Philadelphia   
FLL	PHX	 389	Ft. Lauderdale	Phoenix        
FLL	PIT	 223	Ft. Lauderdale	Pittsburgh     
FLL	PVD	 233	Ft. Lauderdale	Providence     
FLL	RDU	 166	Ft. Lauderdale	Raleigh        
FLL	SDQ	 273	Ft. Lauderdale	Santo Domingo  
FLL	SJU	 173	Ft. Lauderdale	San Juan       
FLL	STL	 217	Ft. Lauderdale	St. Louis      
FLL	YUL	 364	Ft. Lauderdale	Montreal       
GEG	DEN	 182	Spokane   	Denver         
GEG	LAX	 327	Spokane   	Los Angeles    
GEG	PHX	 292	Spokane   	Phoenix        
GEG	SAN	 369	Spokane   	San Diego      
GEG	SEA	 148	Spokane   	Seattle        
GSO	LAS	 458	Greensboro	Las Vegas      
GSO	LGA	 245	Greensboro	New York       
GSO	MCO	 270	Greensboro	Orlando        
HNL	DEN	 672	Honolulu  	Denver         
HNL	EWR	 720	Honolulu  	Newark         
HNL	KOA	 173	Honolulu  	Kailua-Kona    
HNL	LAS	 681	Honolulu  	Las Vegas      
HNL	LAX	 642	Honolulu  	Los Angeles    
HNL	LIH	 161	Honolulu  	Kauai          
HNL	OGG	 136	Honolulu  	Maui           
HNL	ORD	 707	Honolulu  	Chicago        
HNL	PDX	 607	Honolulu  	Portland       
HNL	PHX	 595	Honolulu  	Phoenix        
HNL	SAN	 493	Honolulu  	San Diego      
HNL	SEA	 612	Honolulu  	Seattle        
HNL	SFO	 552	Honolulu  	San Francisco  
IAD	AMS	1231	Washington	Amsterdam      
IAD	ATL	 235	Washington	Atlanta        
IAD	AUS	 323	Washington	Austin         
IAD	BDL	 268	Washington	Hartford       
IAD	BOS	 163	Washington	Boston         
IAD	CDG	1366	Washington	Paris          
IAD	CLT	 248	Washington	Charlotte      
IAD	DEN	 384	Washington	Denver         
IAD	DFW	 372	Washington	Dallas         
IAD	DTW	 348	Washington	Detroit        
IAD	FCO	1388	Washington	Rome           
IAD	FLL	 178	Washington	Ft. Lauderdale 
IAD	HNL	1030	Washington	Honolulu       
IAD	IAH	 309	Washington	Houston        
IAD	IND	 382	Washington	Indianapolis   
IAD	JAX	 264	Washington	Jacksonville   
IAD	JFK	 125	Washington	New York       
IAD	LAS	 411	Washington	Las Vegas      
IAD	LAX	 458	Washington	Los Angeles    
IAD	LGA	 120	Washington	New York       
IAD	LGB	 390	Washington	Long Beach     
IAD	LHR	1057	Washington	London         
IAD	MCO	 190	Washington	Orlando        
IAD	MIA	 230	Washington	Miami          
IAD	MSP	 412	Washington	Minneapolis    
IAD	MSY	 353	Washington	New Orleans    
IAD	OAK	 317	Washington	Oakland        
IAD	ORD	 310	Washington	Chicago        
IAD	PDX	 519	Washington	Portland       
IAD	PHX	 473	Washington	Phoenix        
IAD	RDU	 434	Washington	Raleigh        
IAD	SAN	 530	Washington	San Diego      
IAD	SEA	 436	Washington	Seattle        
IAD	SFO	 365	Washington	San Francisco  
IAD	SJC	 453	Washington	San Jose       
IAD	SJU	 221	Washington	San Juan       
IAD	SLC	 474	Washington	Salt Lake City 
IAD	SMF	 519	Washington	Sacramento     
IAD	STL	 238	Washington	St. Louis      
IAD	TPA	 198	Washington	Tampa          
IAD	YUL	 443	Washington	Montreal       
IAH	ABQ	 320	Houston   	Albuquerque    
IAH	AMS	1343	Houston   	Amsterdam      
IAH	ATL	 236	Houston   	Atlanta        
IAH	BOS	 308	Houston   	Boston         
IAH	BWI	 345	Houston   	Baltimore      
IAH	CDG	1371	Houston   	Paris          
IAH	CLE	 290	Houston   	Cleveland      
IAH	CLT	 268	Houston   	Charlotte      
IAH	CMH	 322	Houston   	Columbus       
IAH	DCA	 309	Houston   	Washington     
IAH	DEN	 288	Houston   	Denver         
IAH	DFW	 118	Houston   	Dallas         
IAH	DTW	 415	Houston   	Detroit        
IAH	EWR	 391	Houston   	Newark         
IAH	FCO	1391	Houston   	Rome           
IAH	FLL	 352	Houston   	Ft. Lauderdale 
IAH	HNL	 906	Houston   	Honolulu       
IAH	IAD	 309	Houston   	Washington     
IAH	IND	 322	Houston   	Indianapolis   
IAH	LAS	 272	Houston   	Las Vegas      
IAH	LAX	 412	Houston   	Los Angeles    
IAH	LGA	 283	Houston   	New York       
IAH	LGW	1282	Houston   	London         
IAH	MCI	 300	Houston   	Kansas City    
IAH	MCO	 352	Houston   	Orlando        
IAH	MIA	 341	Houston   	Miami          
IAH	MSP	 501	Houston   	Minneapolis    
IAH	MSY	 118	Houston   	New Orleans    
IAH	OAK	 307	Houston   	Oakland        
IAH	ORD	 350	Houston   	Chicago        
IAH	PDX	 480	Houston   	Portland       
IAH	PHL	 216	Houston   	Philadelphia   
IAH	PHX	 364	Houston   	Phoenix        
IAH	PIT	 297	Houston   	Pittsburgh     
IAH	RDU	 342	Houston   	Raleigh        
IAH	SAN	 322	Houston   	San Diego      
IAH	SEA	 328	Houston   	Seattle        
IAH	SFO	 322	Houston   	San Francisco  
IAH	SJC	 270	Houston   	San Jose       
IAH	SLC	 434	Houston   	Salt Lake City 
IAH	SMF	 412	Houston   	Sacramento     
IAH	SNA	 270	Houston   	Santa Ana      
IAH	STL	 161	Houston   	St. Louis      
IAH	TPA	 363	Houston   	Tampa          
IND	ATL	 206	Indianapolis	Atlanta        
IND	BOS	 367	Indianapolis	Boston         
IND	BWI	 180	Indianapolis	Baltimore      
IND	DCA	 347	Indianapolis	Washington     
IND	DEN	 272	Indianapolis	Denver         
IND	DFW	 378	Indianapolis	Dallas         
IND	EWR	 325	Indianapolis	Newark         
IND	FLL	 219	Indianapolis	Ft. Lauderdale 
IND	IAD	 382	Indianapolis	Washington     
IND	IAH	 439	Indianapolis	Houston        
IND	JAX	 372	Indianapolis	Jacksonville   
IND	LAS	 241	Indianapolis	Las Vegas      
IND	LAX	 461	Indianapolis	Los Angeles    
IND	LGA	 310	Indianapolis	New York       
IND	MCI	 177	Indianapolis	Kansas City    
IND	MCO	 228	Indianapolis	Orlando        
IND	MIA	 240	Indianapolis	Miami          
IND	MSP	 399	Indianapolis	Minneapolis    
IND	PDX	 368	Indianapolis	Portland       
IND	PHL	 263	Indianapolis	Philadelphia   
IND	PHX	 352	Indianapolis	Phoenix        
IND	RDU	 315	Indianapolis	Raleigh        
IND	RSW	 220	Indianapolis	Ft. Myers      
IND	SAN	 321	Indianapolis	San Diego      
IND	SEA	 359	Indianapolis	Seattle        
IND	SFO	 360	Indianapolis	San Francisco  
IND	TPA	 238	Indianapolis	Tampa          
JAX	ATL	 140	Jacksonville	Atlanta        
JAX	BOS	 240	Jacksonville	Boston         
JAX	DCA	 282	Jacksonville	Washington     
JAX	DFW	 318	Jacksonville	Dallas         
JAX	DTW	 248	Jacksonville	Detroit        
JAX	EWR	 238	Jacksonville	Newark         
JAX	IAD	 264	Jacksonville	Washington     
JAX	IND	 442	Jacksonville	Indianapolis   
JAX	LAS	 321	Jacksonville	Las Vegas      
JAX	LAX	 441	Jacksonville	Los Angeles    
JAX	LGA	 241	Jacksonville	New York       
JAX	ORD	 208	Jacksonville	Chicago        
JAX	PHL	 269	Jacksonville	Philadelphia   
JFK	AMS	1142	New York  	Amsterdam      
JFK	ATL	 262	New York  	Atlanta        
JFK	AUA	 391	New York  	Oranjestad     
JFK	AUS	 322	New York  	Austin         
JFK	BDA	 250	New York  	St. George     
JFK	BOS	 120	New York  	Boston         
JFK	BQN	 317	New York  	Aguadilla      
JFK	BUF	 160	New York  	Buffalo        
JFK	BUR	 371	New York  	Burbank        
JFK	CDG	1128	New York  	Paris          
JFK	CUN	 483	New York  	Cancun         
JFK	DEN	 280	New York  	Denver         
JFK	DFW	 346	New York  	Dallas         
JFK	DTW	 276	New York  	Detroit        
JFK	FCO	1127	New York  	Rome           
JFK	FLL	 240	New York  	Ft. Lauderdale 
JFK	FRA	 863	New York  	Frankfurt      
JFK	HNL	 696	New York  	Honolulu       
JFK	IAD	 120	New York  	Washington     
JFK	KIN	 331	New York  	Kingston       
JFK	LAS	 360	New York  	Las Vegas      
JFK	LAX	 320	New York  	Los Angeles    
JFK	LGB	 375	New York  	Long Beach     
JFK	LHR	1037	New York  	London         
JFK	MAD	 999	New York  	Madrid         
JFK	MBJ	 340	New York  	Montego Bay    
JFK	MCO	 210	New York  	Orlando        
JFK	MEX	 474	New York  	Mexico City    
JFK	MIA	 240	New York  	Miami          
JFK	MSP	 340	New York  	Minneapolis    
JFK	MSY	 240	New York  	New Orleans    
JFK	NAS	 283	New York  	Nassau         
JFK	OAK	 341	New York  	Oakland        
JFK	ONT	 419	New York  	Ontario        
JFK	ORD	 222	New York  	Chicago        
JFK	PBI	 221	New York  	West Palm Beach
JFK	PDX	 360	New York  	Portland       
JFK	PHX	 340	New York  	Phoenix        
JFK	PUJ	 489	New York  	Jaguey         
JFK	RDU	 173	New York  	Raleigh        
JFK	ROC	 145	New York  	Rochester      
JFK	RSW	 200	New York  	Ft. Myers      
JFK	SAN	 340	New York  	San Diego      
JFK	SDQ	 397	New York  	Santo Domingo  
JFK	SEA	 335	New York  	Seattle        
JFK	SFO	 398	New York  	San Francisco  
JFK	SJC	 321	New York  	San Jose       
JFK	SJU	 193	New York  	San Juan       
JFK	SLC	 281	New York  	Salt Lake City 
JFK	SMF	 407	New York  	Sacramento     
JFK	STI	 397	New York  	Santiago       
JFK	STT	 302	New York  	Charlotte Amalie
JFK	TPA	 200	New York  	Tampa          
JFK	YUL	 316	New York  	Montreal       
JFK	YVR	 610	New York  	Vancouver      
JFK	YYZ	 264	New York  	Toronto        
LAS	ATL	 370	Las Vegas 	Atlanta        
LAS	BOS	 320	Las Vegas 	Boston         
LAS	BUF	 299	Las Vegas 	Buffalo        
LAS	BWI	 307	Las Vegas 	Baltimore      
LAS	CLE	 480	Las Vegas 	Cleveland      
LAS	CLT	 281	Las Vegas 	Charlotte      
LAS	CMH	 307	Las Vegas 	Columbus       
LAS	DEN	 128	Las Vegas 	Denver         
LAS	DFW	 188	Las Vegas 	Dallas         
LAS	DTW	 248	Las Vegas 	Detroit        
LAS	EWR	 316	Las Vegas 	Newark         
LAS	FLL	 259	Las Vegas 	Ft. Lauderdale 
LAS	HNL	 681	Las Vegas 	Honolulu       
LAS	IAD	 461	Las Vegas 	Washington     
LAS	IAH	 282	Las Vegas 	Houston        
LAS	IND	 234	Las Vegas 	Indianapolis   
LAS	JFK	 360	Las Vegas 	New York       
LAS	LAX	  68	Las Vegas 	Los Angeles    
LAS	MCO	 349	Las Vegas 	Orlando        
LAS	MIA	 499	Las Vegas 	Miami          
LAS	MKE	 304	Las Vegas 	Milwaukee      
LAS	MSP	 208	Las Vegas 	Minneapolis    
LAS	ORD	 208	Las Vegas 	Chicago        
LAS	PDX	 128	Las Vegas 	Portland       
LAS	PHL	 336	Las Vegas 	Philadelphia   
LAS	PHX	  84	Las Vegas 	Phoenix        
LAS	PIT	 270	Las Vegas 	Pittsburgh     
LAS	RDU	 381	Las Vegas 	Raleigh        
LAS	SEA	 216	Las Vegas 	Seattle        
LAS	SFO	 178	Las Vegas 	San Francisco  
LAS	SLC	 140	Las Vegas 	Salt Lake City 
LAS	STL	 234	Las Vegas 	St. Louis      
LAS	TPA	 235	Las Vegas 	Tampa          
LAX	ALB	 498	Los Angeles	Albany         
LAX	AMS	1326	Los Angeles	Amsterdam      
LAX	ANC	 333	Los Angeles	Anchorage      
LAX	ATL	 340	Los Angeles	Atlanta        
LAX	AUA	 479	Los Angeles	Oranjestad     
LAX	AUS	 345	Los Angeles	Austin         
LAX	BDL	 400	Los Angeles	Hartford       
LAX	BNA	 424	Los Angeles	Nashville      
LAX	BOI	 327	Los Angeles	Boise          
LAX	BOS	 364	Los Angeles	Boston         
LAX	BUF	 386	Los Angeles	Buffalo        
LAX	BWI	 325	Los Angeles	Baltimore      
LAX	CDG	1464	Los Angeles	Paris          
LAX	CLE	 360	Los Angeles	Cleveland      
LAX	CLT	 390	Los Angeles	Charlotte      
LAX	CMH	 468	Los Angeles	Columbus       
LAX	COS	 198	Los Angeles	Colorado Springs
LAX	CUN	 499	Los Angeles	Cancun         
LAX	CVG	 480	Los Angeles	Cincinnati     
LAX	DAY	 251	Los Angeles	Dayton         
LAX	DCA	 418	Los Angeles	Washington     
LAX	DEN	 165	Los Angeles	Denver         
LAX	DFW	 310	Los Angeles	Dallas         
LAX	DTW	 336	Los Angeles	Detroit        
LAX	EWR	 438	Los Angeles	Newark         
LAX	FCO	1514	Los Angeles	Rome           
LAX	FLL	 320	Los Angeles	Ft. Lauderdale 
LAX	FRA	1557	Los Angeles	Frankfurt      
LAX	GDL	 387	Los Angeles	Guadalajara    
LAX	GEG	 327	Los Angeles	Spokane        
LAX	HNL	 642	Los Angeles	Honolulu       
LAX	IAD	 458	Los Angeles	Washington     
LAX	IAH	 386	Los Angeles	Houston        
LAX	IND	 461	Los Angeles	Indianapolis   
LAX	JAX	 441	Los Angeles	Jacksonville   
LAX	JFK	 320	Los Angeles	New York       
LAX	KOA	 659	Los Angeles	Kailua-Kona    
LAX	LAS	  68	Los Angeles	Las Vegas      
LAX	LGA	 338	Los Angeles	New York       
LAX	LHR	1327	Los Angeles	London         
LAX	LIH	 728	Los Angeles	Kauai          
LAX	MBJ	 437	Los Angeles	Montego Bay    
LAX	MCI	 359	Los Angeles	Kansas City    
LAX	MCO	 398	Los Angeles	Orlando        
LAX	MEM	 489	Los Angeles	Memphis        
LAX	MEX	 392	Los Angeles	Mexico City    
LAX	MHT	 377	Los Angeles	Manchester     
LAX	MIA	 360	Los Angeles	Miami          
LAX	MKE	 285	Los Angeles	Milwaukee      
LAX	MSP	 325	Los Angeles	Minneapolis    
LAX	MSY	 403	Los Angeles	New Orleans    
LAX	NAS	 410	Los Angeles	Nassau         
LAX	OGG	 657	Los Angeles	Maui           
LAX	OKC	 378	Los Angeles	Oklahoma City  
LAX	OMA	 242	Los Angeles	Omaha          
LAX	ORD	 240	Los Angeles	Chicago        
LAX	ORF	 418	Los Angeles	Norfolk        
LAX	PDX	 177	Los Angeles	Portland       
LAX	PHL	 378	Los Angeles	Philadelphia   
LAX	PHX	 140	Los Angeles	Phoenix        
LAX	PIT	 380	Los Angeles	Pittsburgh     
LAX	PVD	 353	Los Angeles	Providence     
LAX	PVR	 351	Los Angeles	Puerto Vallarta
LAX	RDU	 496	Los Angeles	Raleigh        
LAX	RNO	 204	Los Angeles	Reno           
LAX	SAN	 255	Los Angeles	San Diego      
LAX	SAT	 401	Los Angeles	San Antonio    
LAX	SDF	 441	Los Angeles	Louisville     
LAX	SEA	 218	Los Angeles	Seattle        
LAX	SFO	 178	Los Angeles	San Francisco  
LAX	SJD	 370	Los Angeles	San Jose Cabo  
LAX	SJU	 333	Los Angeles	San Juan       
LAX	SLC	 230	Los Angeles	Salt Lake City 
LAX	STL	 331	Los Angeles	St. Louis      
LAX	TPA	 459	Los Angeles	Tampa          
LAX	TUL	 426	Los Angeles	Tulsa          
LAX	TUS	 170	Los Angeles	Tucson         
LAX	YUL	 520	Los Angeles	Montreal       
LAX	YVR	 280	Los Angeles	Vancouver      
LAX	YYC	 312	Los Angeles	Calgary        
LAX	YYZ	 516	Los Angeles	Toronto        
LGA	ABQ	 471	New York  	Albuquerque    
LGA	ATL	 250	New York  	Atlanta        
LGA	AUA	 375	New York  	Oranjestad     
LGA	AUS	 303	New York  	Austin         
LGA	BDA	 310	New York  	St. George     
LGA	BHM	 276	New York  	Birmingham     
LGA	BNA	 240	New York  	Nashville      
LGA	BOS	 443	New York  	Boston         
LGA	BUF	 160	New York  	Buffalo        
LGA	CAE	 270	New York  	Columbia       
LGA	CAK	 174	New York  	Akron          
LGA	CHS	 278	New York  	Charleston     
LGA	CLE	 254	New York  	Cleveland      
LGA	CLT	 178	New York  	Charlotte      
LGA	CMH	 280	New York  	Columbus       
LGA	CUN	 482	New York  	Cancun         
LGA	CVG	 447	New York  	Cincinnati     
LGA	DAY	 230	New York  	Dayton         
LGA	DCA	 377	New York  	Washington     
LGA	DEN	 260	New York  	Denver         
LGA	DFW	 291	New York  	Dallas         
LGA	DTW	 208	New York  	Detroit        
LGA	FLL	 208	New York  	Ft. Lauderdale 
LGA	GSO	 245	New York  	Greensboro     
LGA	HOU	 270	New York  	Houston        
LGA	IAD	 120	New York  	Washington     
LGA	IAH	 283	New York  	Houston        
LGA	IND	 300	New York  	Indianapolis   
LGA	JAX	 241	New York  	Jacksonville   
LGA	LAS	 338	New York  	Las Vegas      
LGA	LAX	 359	New York  	Los Angeles    
LGA	MBJ	 365	New York  	Montego Bay    
LGA	MCI	 241	New York  	Kansas City    
LGA	MCO	 228	New York  	Orlando        
LGA	MDW	 298	New York  	Chicago        
LGA	MEM	 317	New York  	Memphis        
LGA	MEX	 473	New York  	Mexico City    
LGA	MIA	 184	New York  	Miami          
LGA	MKE	 304	New York  	Milwaukee      
LGA	MSP	 241	New York  	Minneapolis    
LGA	MSY	 235	New York  	New Orleans    
LGA	MYR	 208	New York  	Myrtle Beach   
LGA	NAS	 283	New York  	Nassau         
LGA	ORD	 158	New York  	Chicago        
LGA	PBI	 200	New York  	West Palm Beach
LGA	PDX	 381	New York  	Portland       
LGA	PHF	 337	New York  	Hampton        
LGA	PHX	 340	New York  	Phoenix        
LGA	PIT	 142	New York  	Pittsburgh     
LGA	PUJ	 473	New York  	Jaguey         
LGA	RDU	 180	New York  	Raleigh        
LGA	RIC	 338	New York  	Richmond       
LGA	SAN	 321	New York  	San Diego      
LGA	SAV	 306	New York  	Savannah       
LGA	SDF	 230	New York  	Louisville     
LGA	SDQ	 425	New York  	Santo Domingo  
LGA	SEA	 294	New York  	Seattle        
LGA	SFO	 320	New York  	San Francisco  
LGA	SJU	 207	New York  	San Juan       
LGA	STL	 326	New York  	St. Louis      
LGA	TPA	 200	New York  	Tampa          
LGA	YUL	 316	New York  	Montreal       
LGA	YYZ	 285	New York  	Toronto        
LGB	JFK	 359	Long Beach	New York       
MCI	ATL	 180	Kansas City	Atlanta        
MCI	BOS	 301	Kansas City	Boston         
MCI	BWI	 241	Kansas City	Baltimore      
MCI	DCA	 240	Kansas City	Washington     
MCI	DEN	 236	Kansas City	Denver         
MCI	DFW	 230	Kansas City	Dallas         
MCI	DTW	 303	Kansas City	Detroit        
MCI	EWR	 388	Kansas City	Newark         
MCI	FLL	 218	Kansas City	Ft. Lauderdale 
MCI	IAH	 346	Kansas City	Houston        
MCI	IND	 181	Kansas City	Indianapolis   
MCI	LAX	 349	Kansas City	Los Angeles    
MCI	LGA	 241	Kansas City	New York       
MCI	MCO	 265	Kansas City	Orlando        
MCI	ORD	 174	Kansas City	Chicago        
MCI	PDX	 231	Kansas City	Portland       
MCI	PHL	 241	Kansas City	Philadelphia   
MCI	PHX	 231	Kansas City	Phoenix        
MCI	RDU	 324	Kansas City	Raleigh        
MCI	SAN	 257	Kansas City	San Diego      
MCI	SAT	 202	Kansas City	San Antonio    
MCI	SEA	 291	Kansas City	Seattle        
MCI	SFO	 321	Kansas City	San Francisco  
MCI	SJC	 469	Kansas City	San Jose       
MCI	SLC	 261	Kansas City	Salt Lake City 
MCI	TPA	 238	Kansas City	Tampa          
MCO	ATL	 160	Orlando   	Atlanta        
MCO	AUA	 315	Orlando   	Oranjestad     
MCO	BDL	 224	Orlando   	Hartford       
MCO	BOS	 261	Orlando   	Boston         
MCO	BUF	 210	Orlando   	Buffalo        
MCO	CLE	 270	Orlando   	Cleveland      
MCO	CLT	 172	Orlando   	Charlotte      
MCO	CMH	 230	Orlando   	Columbus       
MCO	CUN	 271	Orlando   	Cancun         
MCO	CVG	 273	Orlando   	Cincinnati     
MCO	DAY	 220	Orlando   	Dayton         
MCO	DCA	 190	Orlando   	Washington     
MCO	DEN	 220	Orlando   	Denver         
MCO	DFW	 244	Orlando   	Dallas         
MCO	DTW	 168	Orlando   	Detroit        
MCO	EWR	 238	Orlando   	Newark         
MCO	IAD	 205	Orlando   	Washington     
MCO	IAH	 363	Orlando   	Houston        
MCO	IND	 210	Orlando   	Indianapolis   
MCO	JFK	 210	Orlando   	New York       
MCO	LAS	 338	Orlando   	Las Vegas      
MCO	LAX	 390	Orlando   	Los Angeles    
MCO	LGA	 210	Orlando   	New York       
MCO	MCI	 260	Orlando   	Kansas City    
MCO	MIA	 174	Orlando   	Miami          
MCO	MKE	 198	Orlando   	Milwaukee      
MCO	MSP	 250	Orlando   	Minneapolis    
MCO	MSY	 177	Orlando   	New Orleans    
MCO	NAS	 221	Orlando   	Nassau         
MCO	ORD	 168	Orlando   	Chicago        
MCO	PDX	 369	Orlando   	Portland       
MCO	PHL	 210	Orlando   	Philadelphia   
MCO	PHX	 340	Orlando   	Phoenix        
MCO	PIT	 235	Orlando   	Pittsburgh     
MCO	RDU	 240	Orlando   	Raleigh        
MCO	ROC	 210	Orlando   	Rochester      
MCO	SAN	 370	Orlando   	San Diego      
MCO	SDF	 180	Orlando   	Louisville     
MCO	SEA	 353	Orlando   	Seattle        
MCO	SFO	 416	Orlando   	San Francisco  
MCO	SJU	 233	Orlando   	San Juan       
MCO	SLC	 400	Orlando   	Salt Lake City 
MCO	STL	 228	Orlando   	St. Louis      
MCO	SYR	 230	Orlando   	Syracuse       
MCO	YUL	 273	Orlando   	Montreal       
MDW	ATL	 180	Chicago   	Atlanta        
MDW	BOS	 215	Chicago   	Boston         
MDW	DEN	 188	Chicago   	Denver         
MDW	DFW	 245	Chicago   	Dallas         
MDW	LGA	 298	Chicago   	New York       
MDW	MIA	 327	Chicago   	Miami          
MDW	SFO	 321	Chicago   	San Francisco  
MDW	SJU	 379	Chicago   	San Juan       
MEM	ATL	 169	Memphis   	Atlanta        
MEM	BOS	 231	Memphis   	Boston         
MEM	DCA	 414	Memphis   	Washington     
MEM	DFW	 367	Memphis   	Dallas         
MEM	EWR	 389	Memphis   	Newark         
MEM	LAX	 489	Memphis   	Los Angeles    
MEM	LGA	 307	Memphis   	New York       
MEM	MCO	 214	Memphis   	Orlando        
MEM	ORD	 480	Memphis   	Chicago        
MIA	AMS	1274	Miami     	Amsterdam      
MIA	ATL	 120	Miami     	Atlanta        
MIA	BOS	 250	Miami     	Boston         
MIA	BWI	 204	Miami     	Baltimore      
MIA	CDG	1202	Miami     	Paris          
MIA	CLT	 370	Miami     	Charlotte      
MIA	CUN	 335	Miami     	Cancun         
MIA	DCA	 230	Miami     	Washington     
MIA	DEN	 337	Miami     	Denver         
MIA	DFW	 319	Miami     	Dallas         
MIA	DTW	 238	Miami     	Detroit        
MIA	EWR	 250	Miami     	Newark         
MIA	FCO	1309	Miami     	Rome           
MIA	FRA	1233	Miami     	Frankfurt      
MIA	IAD	 231	Miami     	Washington     
MIA	IAH	 361	Miami     	Houston        
MIA	JFK	 240	Miami     	New York       
MIA	KIN	 279	Miami     	Kingston       
MIA	LAS	 483	Miami     	Las Vegas      
MIA	LAX	 360	Miami     	Los Angeles    
MIA	LGA	 240	Miami     	New York       
MIA	LHR	 941	Miami     	London         
MIA	MAD	1071	Miami     	Madrid         
MIA	MBJ	 313	Miami     	Montego Bay    
MIA	MCO	 174	Miami     	Orlando        
MIA	MEX	 431	Miami     	Mexico City    
MIA	NAS	 215	Miami     	Nassau         
MIA	ORD	 266	Miami     	Chicago        
MIA	PHL	 316	Miami     	Philadelphia   
MIA	RDU	 191	Miami     	Raleigh        
MIA	SDQ	 326	Miami     	Santo Domingo  
MIA	SEA	 460	Miami     	Seattle        
MIA	SFO	 380	Miami     	San Francisco  
MIA	SJU	 205	Miami     	San Juan       
MIA	STL	 258	Miami     	St. Louis      
MIA	TPA	 188	Miami     	Tampa          
MIA	YUL	 366	Miami     	Montreal       
MIA	YYZ	 328	Miami     	Toronto        
MKE	ATL	 178	Milwaukee 	Atlanta        
MKE	BOS	 208	Milwaukee 	Boston         
MKE	DCA	 218	Milwaukee 	Washington     
MKE	DEN	 258	Milwaukee 	Denver         
MKE	DFW	 332	Milwaukee 	Dallas         
MKE	EWR	 348	Milwaukee 	Newark         
MKE	FLL	 308	Milwaukee 	Ft. Lauderdale 
MKE	LAS	 240	Milwaukee 	Las Vegas      
MKE	LAX	 237	Milwaukee 	Los Angeles    
MKE	LGA	 286	Milwaukee 	New York       
MKE	MCO	 214	Milwaukee 	Orlando        
MKE	MSP	 168	Milwaukee 	Minneapolis    
MKE	PHL	 283	Milwaukee 	Philadelphia   
MKE	PHX	 237	Milwaukee 	Phoenix        
MKE	SEA	 320	Milwaukee 	Seattle        
MKE	SFO	 303	Milwaukee 	San Francisco  
MKE	TPA	 240	Milwaukee 	Tampa          
MSP	ABQ	 405	Minneapolis	Albuquerque    
MSP	AMS	1512	Minneapolis	Amsterdam      
MSP	ATL	 286	Minneapolis	Atlanta        
MSP	AUA	 528	Minneapolis	Oranjestad     
MSP	AUS	 369	Minneapolis	Austin         
MSP	BDL	 508	Minneapolis	Hartford       
MSP	BNA	 406	Minneapolis	Nashville      
MSP	BOS	 232	Minneapolis	Boston         
MSP	BWI	 328	Minneapolis	Baltimore      
MSP	CDG	1322	Minneapolis	Paris          
MSP	CLE	 399	Minneapolis	Cleveland      
MSP	CLT	 385	Minneapolis	Charlotte      
MSP	CMH	 403	Minneapolis	Columbus       
MSP	CUN	 443	Minneapolis	Cancun         
MSP	CVG	 466	Minneapolis	Cincinnati     
MSP	DCA	 359	Minneapolis	Washington     
MSP	DEN	 216	Minneapolis	Denver         
MSP	DFW	 300	Minneapolis	Dallas         
MSP	DTW	 261	Minneapolis	Detroit        
MSP	EWR	 415	Minneapolis	Newark         
MSP	FCO	1555	Minneapolis	Rome           
MSP	FLL	 315	Minneapolis	Ft. Lauderdale 
MSP	HNL	 997	Minneapolis	Honolulu       
MSP	IAD	 412	Minneapolis	Washington     
MSP	IAH	 502	Minneapolis	Houston        
MSP	IND	 399	Minneapolis	Indianapolis   
MSP	JFK	 340	Minneapolis	New York       
MSP	LAS	 208	Minneapolis	Las Vegas      
MSP	LAX	 350	Minneapolis	Los Angeles    
MSP	LGA	 300	Minneapolis	New York       
MSP	LGW	1264	Minneapolis	London         
MSP	MCO	 240	Minneapolis	Orlando        
MSP	MEM	 393	Minneapolis	Memphis        
MSP	MIA	 370	Minneapolis	Miami          
MSP	MKE	 243	Minneapolis	Milwaukee      
MSP	NAS	 396	Minneapolis	Nassau         
MSP	ORD	  68	Minneapolis	Chicago        
MSP	PDX	 357	Minneapolis	Portland       
MSP	PHL	 479	Minneapolis	Philadelphia   
MSP	PHX	 301	Minneapolis	Phoenix        
MSP	PIT	 347	Minneapolis	Pittsburgh     
MSP	PVR	 763	Minneapolis	Puerto Vallarta
MSP	RDU	 396	Minneapolis	Raleigh        
MSP	RSW	 230	Minneapolis	Ft. Myers      
MSP	SAN	 328	Minneapolis	San Diego      
MSP	SAT	 440	Minneapolis	San Antonio    
MSP	SEA	 238	Minneapolis	Seattle        
MSP	SFO	 288	Minneapolis	San Francisco  
MSP	SJC	 372	Minneapolis	San Jose       
MSP	SLC	 327	Minneapolis	Salt Lake City 
MSP	SMF	 453	Minneapolis	Sacramento     
MSP	SNA	 403	Minneapolis	Santa Ana      
MSP	STL	 140	Minneapolis	St. Louis      
MSP	TPA	 314	Minneapolis	Tampa          
MSP	YYZ	 565	Minneapolis	Toronto        
MSY	ATL	 238	New Orleans	Atlanta        
MSY	BWI	 240	New Orleans	Baltimore      
MSY	DCA	 260	New Orleans	Washington     
MSY	DEN	 260	New Orleans	Denver         
MSY	DFW	 174	New Orleans	Dallas         
MSY	EWR	 280	New Orleans	Newark         
MSY	IAH	 118	New Orleans	Houston        
MSY	JFK	 240	New Orleans	New York       
MSY	LAX	 425	New Orleans	Los Angeles    
MSY	LGA	 235	New Orleans	New York       
MSY	MCO	 181	New Orleans	Orlando        
MSY	ORD	 298	New Orleans	Chicago        
MSY	PHL	 226	New Orleans	Philadelphia   
OAK	ATL	 381	Oakland   	Atlanta        
OAK	BOS	 396	Oakland   	Boston         
OAK	DEN	 179	Oakland   	Denver         
OAK	DFW	 301	Oakland   	Dallas         
OAK	DTW	 392	Oakland   	Detroit        
OAK	HNL	 544	Oakland   	Honolulu       
OAK	IAD	 409	Oakland   	Washington     
OAK	IAH	 360	Oakland   	Houston        
OAK	JFK	 341	Oakland   	New York       
OAK	OGG	 594	Oakland   	Maui           
OAK	ORD	 321	Oakland   	Chicago        
OAK	PDX	 218	Oakland   	Portland       
OAK	SEA	 198	Oakland   	Seattle        
OAK	SLC	 322	Oakland   	Salt Lake City 
OKC	ATL	 458	Oklahoma City	Atlanta        
OKC	BWI	 241	Oklahoma City	Baltimore      
OKC	DEN	 174	Oklahoma City	Denver         
OKC	LAS	 237	Oklahoma City	Las Vegas      
OKC	LAX	 420	Oklahoma City	Los Angeles    
OKC	ORD	 412	Oklahoma City	Chicago        
OKC	SEA	 381	Oklahoma City	Seattle        
OMA	ATL	 415	Omaha     	Atlanta        
OMA	DCA	 279	Omaha     	Washington     
OMA	DEN	 169	Omaha     	Denver         
OMA	DFW	 288	Omaha     	Dallas         
OMA	LAX	 237	Omaha     	Los Angeles    
OMA	MCO	 216	Omaha     	Orlando        
OMA	ORD	 179	Omaha     	Chicago        
OMA	PHX	 335	Omaha     	Phoenix        
OMA	SAN	 305	Omaha     	San Diego      
OMA	SEA	 352	Omaha     	Seattle        
ONT	ATL	 294	Ontario   	Atlanta        
ONT	BWI	 370	Ontario   	Baltimore      
ONT	DEN	 244	Ontario   	Denver         
ONT	DFW	 323	Ontario   	Dallas         
ONT	IAH	 380	Ontario   	Houston        
ONT	JFK	 401	Ontario   	New York       
ONT	MCO	 416	Ontario   	Orlando        
ONT	ORD	 314	Ontario   	Chicago        
ONT	PDX	 218	Ontario   	Portland       
ONT	PHX	 120	Ontario   	Phoenix        
ONT	SEA	 238	Ontario   	Seattle        
ONT	SLC	 265	Ontario   	Salt Lake City 
ORD	ABQ	 411	Chicago   	Albuquerque    
ORD	ALB	 349	Chicago   	Albany         
ORD	AMS	1345	Chicago   	Amsterdam      
ORD	ATL	 180	Chicago   	Atlanta        
ORD	AUA	 373	Chicago   	Oranjestad     
ORD	AUS	 418	Chicago   	Austin         
ORD	BDL	 375	Chicago   	Hartford       
ORD	BNA	 206	Chicago   	Nashville      
ORD	BOS	 183	Chicago   	Boston         
ORD	BUF	 220	Chicago   	Buffalo        
ORD	BWI	 303	Chicago   	Baltimore      
ORD	CDG	1132	Chicago   	Paris          
ORD	CLE	 200	Chicago   	Cleveland      
ORD	CLT	 312	Chicago   	Charlotte      
ORD	CMH	 204	Chicago   	Columbus       
ORD	CUN	 436	Chicago   	Cancun         
ORD	CVG	 310	Chicago   	Cincinnati     
ORD	DCA	 253	Chicago   	Washington     
ORD	DEN	 148	Chicago   	Denver         
ORD	DFW	 222	Chicago   	Dallas         
ORD	DTW	  68	Chicago   	Detroit        
ORD	EWR	 296	Chicago   	Newark         
ORD	FCO	1387	Chicago   	Rome           
ORD	FLL	 186	Chicago   	Ft. Lauderdale 
ORD	FRA	1169	Chicago   	Frankfurt      
ORD	GSP	 270	Chicago   	Greenville     
ORD	HNL	 877	Chicago   	Honolulu       
ORD	IAD	 310	Chicago   	Washington     
ORD	IAH	 371	Chicago   	Houston        
ORD	JAX	 208	Chicago   	Jacksonville   
ORD	JFK	 222	Chicago   	New York       
ORD	LAS	 244	Chicago   	Las Vegas      
ORD	LAX	 253	Chicago   	Los Angeles    
ORD	LGA	 158	Chicago   	New York       
ORD	LHR	1149	Chicago   	London         
ORD	MBJ	 377	Chicago   	Montego Bay    
ORD	MCI	 170	Chicago   	Kansas City    
ORD	MCO	 148	Chicago   	Orlando        
ORD	MEM	 480	Chicago   	Memphis        
ORD	MEX	 474	Chicago   	Mexico City    
ORD	MIA	 264	Chicago   	Miami          
ORD	MSP	  88	Chicago   	Minneapolis    
ORD	MSY	 318	Chicago   	New Orleans    
ORD	NAS	 348	Chicago   	Nassau         
ORD	OAK	 321	Chicago   	Oakland        
ORD	OMA	 189	Chicago   	Omaha          
ORD	ONT	 310	Chicago   	Ontario        
ORD	ORF	 326	Chicago   	Norfolk        
ORD	PBI	 238	Chicago   	West Palm Beach
ORD	PDX	 357	Chicago   	Portland       
ORD	PHL	 378	Chicago   	Philadelphia   
ORD	PHX	 438	Chicago   	Phoenix        
ORD	PIT	 174	Chicago   	Pittsburgh     
ORD	PVD	 196	Chicago   	Providence     
ORD	PVR	 425	Chicago   	Puerto Vallarta
ORD	RDU	 308	Chicago   	Raleigh        
ORD	RIC	 323	Chicago   	Richmond       
ORD	RNO	 451	Chicago   	Reno           
ORD	RSW	 198	Chicago   	Ft. Myers      
ORD	SAN	 316	Chicago   	San Diego      
ORD	SAT	 382	Chicago   	San Antonio    
ORD	SAV	 436	Chicago   	Savannah       
ORD	SEA	 356	Chicago   	Seattle        
ORD	SFO	 300	Chicago   	San Francisco  
ORD	SJC	 271	Chicago   	San Jose       
ORD	SJD	 680	Chicago   	San Jose Cabo  
ORD	SJU	 313	Chicago   	San Juan       
ORD	SLC	 427	Chicago   	Salt Lake City 
ORD	SMF	 451	Chicago   	Sacramento     
ORD	SNA	 271	Chicago   	Santa Ana      
ORD	STL	 204	Chicago   	St. Louis      
ORD	TPA	 296	Chicago   	Tampa          
ORD	TUS	 291	Chicago   	Tucson         
ORD	YUL	 351	Chicago   	Montreal       
ORD	YVR	 387	Chicago   	Vancouver      
ORD	YYZ	 366	Chicago   	Toronto        
ORF	ATL	 272	Norfolk   	Atlanta        
ORF	DFW	 268	Norfolk   	Dallas         
ORF	FLL	 337	Norfolk   	Ft. Lauderdale 
ORF	LAS	 320	Norfolk   	Las Vegas      
ORF	LAX	 418	Norfolk   	Los Angeles    
ORF	MCO	 178	Norfolk   	Orlando        
ORF	ORD	 334	Norfolk   	Chicago        
ORF	SAN	 492	Norfolk   	San Diego      
ORF	SEA	 413	Norfolk   	Seattle        
ORF	TPA	 178	Norfolk   	Tampa          
PBI	ATL	 160	West Palm Beach	Atlanta        
PBI	BDL	 257	West Palm Beach	Hartford       
PBI	BOS	 250	West Palm Beach	Boston         
PBI	DCA	 171	West Palm Beach	Washington     
PBI	EWR	 228	West Palm Beach	Newark         
PBI	JFK	 221	West Palm Beach	New York       
PBI	LGA	 200	West Palm Beach	New York       
PBI	ORD	 272	West Palm Beach	Chicago        
PBI	PHL	 150	West Palm Beach	Philadelphia   
PBI	PVD	 243	West Palm Beach	Providence     
PDX	ATL	 464	Portland  	Atlanta        
PDX	AUS	 241	Portland  	Austin         
PDX	BOI	 200	Portland  	Boise          
PDX	BOS	 301	Portland  	Boston         
PDX	BUR	 218	Portland  	Burbank        
PDX	BWI	 490	Portland  	Baltimore      
PDX	CDG	1477	Portland  	Paris          
PDX	DCA	 475	Portland  	Washington     
PDX	DEN	 220	Portland  	Denver         
PDX	DFW	 208	Portland  	Dallas         
PDX	DTW	 399	Portland  	Detroit        
PDX	EWR	 415	Portland  	Newark         
PDX	GEG	 130	Portland  	Spokane        
PDX	HNL	 564	Portland  	Honolulu       
PDX	IAD	 497	Portland  	Washington     
PDX	IAH	 432	Portland  	Houston        
PDX	IND	 375	Portland  	Indianapolis   
PDX	JFK	 360	Portland  	New York       
PDX	LAS	 148	Portland  	Las Vegas      
PDX	LAX	 177	Portland  	Los Angeles    
PDX	LGA	 381	Portland  	New York       
PDX	LHR	1078	Portland  	London         
PDX	MCI	 231	Portland  	Kansas City    
PDX	MCO	 369	Portland  	Orlando        
PDX	MSP	 374	Portland  	Minneapolis    
PDX	OAK	 218	Portland  	Oakland        
PDX	OGG	 549	Portland  	Maui           
PDX	ONT	 218	Portland  	Ontario        
PDX	ORD	 357	Portland  	Chicago        
PDX	PHL	 326	Portland  	Philadelphia   
PDX	PHX	 298	Portland  	Phoenix        
PDX	SAN	 200	Portland  	San Diego      
PDX	SEA	 162	Portland  	Seattle        
PDX	SFO	 218	Portland  	San Francisco  
PDX	SJC	 238	Portland  	San Jose       
PDX	SLC	 268	Portland  	Salt Lake City 
PDX	SMF	 174	Portland  	Sacramento     
PDX	SNA	 209	Portland  	Santa Ana      
PDX	STL	 356	Portland  	St. Louis      
PHL	ABQ	 302	Philadelphia	Albuquerque    
PHL	AMS	1395	Philadelphia	Amsterdam      
PHL	ATL	 180	Philadelphia	Atlanta        
PHL	AUS	 278	Philadelphia	Austin         
PHL	BNA	 291	Philadelphia	Nashville      
PHL	BOS	 215	Philadelphia	Boston         
PHL	CDG	1461	Philadelphia	Paris          
PHL	CLE	 413	Philadelphia	Cleveland      
PHL	CLT	 248	Philadelphia	Charlotte      
PHL	CMH	 271	Philadelphia	Columbus       
PHL	CUN	 559	Philadelphia	Cancun         
PHL	DEN	 314	Philadelphia	Denver         
PHL	DFW	 342	Philadelphia	Dallas         
PHL	DTW	 431	Philadelphia	Detroit        
PHL	FCO	1224	Philadelphia	Rome           
PHL	FLL	 294	Philadelphia	Ft. Lauderdale 
PHL	HNL	 807	Philadelphia	Honolulu       
PHL	IAH	 392	Philadelphia	Houston        
PHL	IND	 263	Philadelphia	Indianapolis   
PHL	JAX	 266	Philadelphia	Jacksonville   
PHL	LAS	 291	Philadelphia	Las Vegas      
PHL	LAX	 320	Philadelphia	Los Angeles    
PHL	LHR	1005	Philadelphia	London         
PHL	MBJ	 423	Philadelphia	Montego Bay    
PHL	MCI	 241	Philadelphia	Kansas City    
PHL	MCO	 210	Philadelphia	Orlando        
PHL	MHT	 234	Philadelphia	Manchester     
PHL	MIA	 316	Philadelphia	Miami          
PHL	MKE	 284	Philadelphia	Milwaukee      
PHL	MSP	 479	Philadelphia	Minneapolis    
PHL	MSY	 229	Philadelphia	New Orleans    
PHL	NAS	 509	Philadelphia	Nassau         
PHL	ORD	 378	Philadelphia	Chicago        
PHL	PBI	 312	Philadelphia	West Palm Beach
PHL	PDX	 350	Philadelphia	Portland       
PHL	PHX	 235	Philadelphia	Phoenix        
PHL	PIT	 215	Philadelphia	Pittsburgh     
PHL	PUJ	 499	Philadelphia	Jaguey         
PHL	RDU	 174	Philadelphia	Raleigh        
PHL	RSW	 162	Philadelphia	Ft. Myers      
PHL	SAN	 430	Philadelphia	San Diego      
PHL	SAT	 318	Philadelphia	San Antonio    
PHL	SEA	 343	Philadelphia	Seattle        
PHL	SFO	 398	Philadelphia	San Francisco  
PHL	SJC	 489	Philadelphia	San Jose       
PHL	SJU	 418	Philadelphia	San Juan       
PHL	SLC	 363	Philadelphia	Salt Lake City 
PHL	SMF	 457	Philadelphia	Sacramento     
PHL	SNA	 352	Philadelphia	Santa Ana      
PHL	STL	 300	Philadelphia	St. Louis      
PHL	TPA	 294	Philadelphia	Tampa          
PHL	YUL	 560	Philadelphia	Montreal       
PHX	ANC	 557	Phoenix   	Anchorage      
PHX	ATL	 230	Phoenix   	Atlanta        
PHX	AUS	 241	Phoenix   	Austin         
PHX	BDL	 330	Phoenix   	Hartford       
PHX	BOI	 312	Phoenix   	Boise          
PHX	BOS	 335	Phoenix   	Boston         
PHX	BUF	 321	Phoenix   	Buffalo        
PHX	CDG	1486	Phoenix   	Paris          
PHX	CLE	 479	Phoenix   	Cleveland      
PHX	CMH	 340	Phoenix   	Columbus       
PHX	DCA	 328	Phoenix   	Washington     
PHX	DEN	 232	Phoenix   	Denver         
PHX	DFW	 286	Phoenix   	Dallas         
PHX	DTW	 391	Phoenix   	Detroit        
PHX	EWR	 358	Phoenix   	Newark         
PHX	FLL	 389	Phoenix   	Ft. Lauderdale 
PHX	GEG	 292	Phoenix   	Spokane        
PHX	HNL	 595	Phoenix   	Honolulu       
PHX	IAD	 529	Phoenix   	Washington     
PHX	IAH	 365	Phoenix   	Houston        
PHX	IND	 352	Phoenix   	Indianapolis   
PHX	JFK	 340	Phoenix   	New York       
PHX	LAS	  84	Phoenix   	Las Vegas      
PHX	LAX	 140	Phoenix   	Los Angeles    
PHX	LGA	 318	Phoenix   	New York       
PHX	LHR	1110	Phoenix   	London         
PHX	MCI	 231	Phoenix   	Kansas City    
PHX	MCO	 349	Phoenix   	Orlando        
PHX	MKE	 239	Phoenix   	Milwaukee      
PHX	MSP	 301	Phoenix   	Minneapolis    
PHX	OGG	 737	Phoenix   	Maui           
PHX	OMA	 335	Phoenix   	Omaha          
PHX	ORD	 435	Phoenix   	Chicago        
PHX	PDX	 314	Phoenix   	Portland       
PHX	PHL	 454	Phoenix   	Philadelphia   
PHX	PIT	 380	Phoenix   	Pittsburgh     
PHX	RDU	 293	Phoenix   	Raleigh        
PHX	RNO	 208	Phoenix   	Reno           
PHX	SAN	 120	Phoenix   	San Diego      
PHX	SAT	 248	Phoenix   	San Antonio    
PHX	SEA	 329	Phoenix   	Seattle        
PHX	SFO	 252	Phoenix   	San Francisco  
PHX	SJC	 272	Phoenix   	San Jose       
PHX	SLC	 268	Phoenix   	Salt Lake City 
PHX	STL	 253	Phoenix   	St. Louis      
PHX	TPA	 389	Phoenix   	Tampa          
PHX	YVR	 344	Phoenix   	Vancouver      
PIT	ATL	 160	Pittsburgh	Atlanta        
PIT	BOS	 161	Pittsburgh	Boston         
PIT	CLT	 181	Pittsburgh	Charlotte      
PIT	DEN	 323	Pittsburgh	Denver         
PIT	DFW	 241	Pittsburgh	Dallas         
PIT	EWR	 236	Pittsburgh	Newark         
PIT	FLL	 210	Pittsburgh	Ft. Lauderdale 
PIT	IAH	 278	Pittsburgh	Houston        
PIT	LAS	 265	Pittsburgh	Las Vegas      
PIT	LAX	 349	Pittsburgh	Los Angeles    
PIT	LGA	 130	Pittsburgh	New York       
PIT	MCO	 238	Pittsburgh	Orlando        
PIT	MSP	 399	Pittsburgh	Minneapolis    
PIT	ORD	 200	Pittsburgh	Chicago        
PIT	PHL	 215	Pittsburgh	Philadelphia   
PIT	PHX	 393	Pittsburgh	Phoenix        
PIT	RSW	 228	Pittsburgh	Ft. Myers      
PIT	SAN	 350	Pittsburgh	San Diego      
PIT	SEA	 361	Pittsburgh	Seattle        
PIT	SFO	 405	Pittsburgh	San Francisco  
PIT	TPA	 232	Pittsburgh	Tampa          
PVD	ATL	 240	Providence	Atlanta        
PVD	BNA	 346	Providence	Nashville      
PVD	DCA	 208	Providence	Washington     
PVD	FLL	 238	Providence	Ft. Lauderdale 
PVD	LAS	 378	Providence	Las Vegas      
PVD	LAX	 439	Providence	Los Angeles    
PVD	ORD	 196	Providence	Chicago        
PVD	PHL	 234	Providence	Philadelphia   
PVD	RDU	 201	Providence	Raleigh        
PVD	RSW	 294	Providence	Ft. Myers      
PVD	SAN	 341	Providence	San Diego      
PVD	SEA	 341	Providence	Seattle        
RDU	ATL	 140	Raleigh   	Atlanta        
RDU	ATL	 140	Raleigh   	Atlanta        
RDU	AUS	 391	Raleigh   	Austin         
RDU	AUS	 391	Raleigh   	Austin         
RDU	BDL	 355	Raleigh   	Hartford       
RDU	BDL	 355	Raleigh   	Hartford       
RDU	BNA	 180	Raleigh   	Nashville      
RDU	BNA	 180	Raleigh   	Nashville      
RDU	BOS	 206	Raleigh   	Boston         
RDU	BOS	 206	Raleigh   	Boston         
RDU	CLE	 235	Raleigh   	Cleveland      
RDU	CLE	 235	Raleigh   	Cleveland      
RDU	DCA	 280	Raleigh   	Washington     
RDU	DCA	 280	Raleigh   	Washington     
RDU	DEN	 238	Raleigh   	Denver         
RDU	DEN	 238	Raleigh   	Denver         
RDU	DFW	 320	Raleigh   	Dallas         
RDU	DFW	 320	Raleigh   	Dallas         
RDU	DTW	 268	Raleigh   	Detroit        
RDU	DTW	 268	Raleigh   	Detroit        
RDU	EWR	 198	Raleigh   	Newark         
RDU	EWR	 198	Raleigh   	Newark         
RDU	FLL	 166	Raleigh   	Ft. Lauderdale 
RDU	FLL	 166	Raleigh   	Ft. Lauderdale 
RDU	IAD	 434	Raleigh   	Washington     
RDU	IAD	 434	Raleigh   	Washington     
RDU	IAH	 347	Raleigh   	Houston        
RDU	IAH	 347	Raleigh   	Houston        
RDU	IND	 315	Raleigh   	Indianapolis   
RDU	IND	 315	Raleigh   	Indianapolis   
RDU	JFK	 190	Raleigh   	New York       
RDU	JFK	 190	Raleigh   	New York       
RDU	LAS	 318	Raleigh   	Las Vegas      
RDU	LAS	 318	Raleigh   	Las Vegas      
RDU	LAX	 496	Raleigh   	Los Angeles    
RDU	LAX	 496	Raleigh   	Los Angeles    
RDU	LGA	 178	Raleigh   	New York       
RDU	LGA	 178	Raleigh   	New York       
RDU	MCI	 324	Raleigh   	Kansas City    
RDU	MCI	 324	Raleigh   	Kansas City    
RDU	MCO	 240	Raleigh   	Orlando        
RDU	MCO	 240	Raleigh   	Orlando        
RDU	MIA	 186	Raleigh   	Miami          
RDU	MIA	 186	Raleigh   	Miami          
RDU	MSP	 369	Raleigh   	Minneapolis    
RDU	MSP	 369	Raleigh   	Minneapolis    
RDU	ORD	 308	Raleigh   	Chicago        
RDU	ORD	 308	Raleigh   	Chicago        
RDU	PHL	 174	Raleigh   	Philadelphia   
RDU	PHL	 174	Raleigh   	Philadelphia   
RDU	PHX	 298	Raleigh   	Phoenix        
RDU	PHX	 298	Raleigh   	Phoenix        
RDU	SAN	 498	Raleigh   	San Diego      
RDU	SAN	 498	Raleigh   	San Diego      
RDU	SEA	 454	Raleigh   	Seattle        
RDU	SEA	 454	Raleigh   	Seattle        
RDU	SFO	 323	Raleigh   	San Francisco  
RDU	SFO	 323	Raleigh   	San Francisco  
RDU	SJC	 513	Raleigh   	San Jose       
RDU	SJC	 513	Raleigh   	San Jose       
RDU	STL	 294	Raleigh   	St. Louis      
RDU	STL	 294	Raleigh   	St. Louis      
RDU	TPA	 178	Raleigh   	Tampa          
RDU	TPA	 178	Raleigh   	Tampa          
RIC	ATL	 158	Richmond  	Atlanta        
RIC	BOS	 161	Richmond  	Boston         
RIC	DFW	 358	Richmond  	Dallas         
RIC	LAS	 400	Richmond  	Las Vegas      
RIC	LGA	 338	Richmond  	New York       
RIC	MCO	 198	Richmond  	Orlando        
RIC	ORD	 268	Richmond  	Chicago        
RNO	PHX	 188	Reno      	Phoenix        
ROC	ATL	 180	Rochester 	Atlanta        
ROC	BOS	 184	Rochester 	Boston         
ROC	JFK	 140	Rochester 	New York       
ROC	LAS	 331	Rochester 	Las Vegas      
ROC	MCO	 220	Rochester 	Orlando        
ROC	TPA	 238	Rochester 	Tampa          
RSW	ATL	 304	Ft. Myers 	Atlanta        
RSW	BDL	 243	Ft. Myers 	Hartford       
RSW	BOS	 296	Ft. Myers 	Boston         
RSW	BWI	 181	Ft. Myers 	Baltimore      
RSW	CLE	 380	Ft. Myers 	Cleveland      
RSW	CMH	 236	Ft. Myers 	Columbus       
RSW	DCA	 290	Ft. Myers 	Washington     
RSW	DTW	 168	Ft. Myers 	Detroit        
RSW	EWR	 200	Ft. Myers 	Newark         
RSW	JFK	 200	Ft. Myers 	New York       
RSW	MSP	 238	Ft. Myers 	Minneapolis    
RSW	ORD	 258	Ft. Myers 	Chicago        
RSW	PHL	 322	Ft. Myers 	Philadelphia   
RSW	PIT	 228	Ft. Myers 	Pittsburgh     
RSW	PVD	 294	Ft. Myers 	Providence     
SAN	ATL	 409	San Diego 	Atlanta        
SAN	BDL	 430	San Diego 	Hartford       
SAN	BOS	 306	San Diego 	Boston         
SAN	BWI	 312	San Diego 	Baltimore      
SAN	CLE	 509	San Diego 	Cleveland      
SAN	CMH	 348	San Diego 	Columbus       
SAN	CUN	 594	San Diego 	Cancun         
SAN	DCA	 440	San Diego 	Washington     
SAN	DEN	 222	San Diego 	Denver         
SAN	DFW	 248	San Diego 	Dallas         
SAN	DTW	 399	San Diego 	Detroit        
SAN	EWR	 358	San Diego 	Newark         
SAN	FLL	 494	San Diego 	Ft. Lauderdale 
SAN	GEG	 369	San Diego 	Spokane        
SAN	HNL	 524	San Diego 	Honolulu       
SAN	IAD	 497	San Diego 	Washington     
SAN	IAH	 375	San Diego 	Houston        
SAN	IND	 321	San Diego 	Indianapolis   
SAN	JFK	 340	San Diego 	New York       
SAN	LAX	 255	San Diego 	Los Angeles    
SAN	LGA	 321	San Diego 	New York       
SAN	MCI	 240	San Diego 	Kansas City    
SAN	MCO	 359	San Diego 	Orlando        
SAN	MSP	 227	San Diego 	Minneapolis    
SAN	OGG	 636	San Diego 	Maui           
SAN	OMA	 305	San Diego 	Omaha          
SAN	ORD	 316	San Diego 	Chicago        
SAN	ORF	 492	San Diego 	Norfolk        
SAN	PDX	 225	San Diego 	Portland       
SAN	PHL	 343	San Diego 	Philadelphia   
SAN	PHX	 120	San Diego 	Phoenix        
SAN	PIT	 350	San Diego 	Pittsburgh     
SAN	PVD	 341	San Diego 	Providence     
SAN	PVR	 390	San Diego 	Puerto Vallarta
SAN	RDU	 498	San Diego 	Raleigh        
SAN	RNO	 181	San Diego 	Reno           
SAN	SAT	 258	San Diego 	San Antonio    
SAN	SEA	 246	San Diego 	Seattle        
SAN	SFO	 178	San Diego 	San Francisco  
SAN	SJC	 210	San Diego 	San Jose       
SAN	SJD	 447	San Diego 	San Jose Cabo  
SAN	SLC	 265	San Diego 	Salt Lake City 
SAN	STL	 240	San Diego 	St. Louis      
SAN	TPA	 386	San Diego 	Tampa          
SAN	YVR	 403	San Diego 	Vancouver      
SAN	YYZ	 524	San Diego 	Toronto        
SAT	ATL	 304	San Antonio	Atlanta        
SAT	BWI	 318	San Antonio	Baltimore      
SAT	DCA	 468	San Antonio	Washington     
SAT	DEN	 272	San Antonio	Denver         
SAT	DTW	 431	San Antonio	Detroit        
SAT	LAX	 401	San Antonio	Los Angeles    
SAT	LGA	 340	San Antonio	New York       
SAT	ORD	 382	San Antonio	Chicago        
SAT	PHX	 248	San Antonio	Phoenix        
SAT	SAN	 280	San Antonio	San Diego      
SAT	SEA	 350	San Antonio	Seattle        
SDF	DFW	 320	Louisville	Dallas         
SDF	LAS	 296	Louisville	Las Vegas      
SDF	LAX	 437	Louisville	Los Angeles    
SDF	LGA	 230	Louisville	New York       
SDF	MCO	 181	Louisville	Orlando        
SEA	AMS	1250	Seattle   	Amsterdam      
SEA	ANC	 545	Seattle   	Anchorage      
SEA	ATL	 348	Seattle   	Atlanta        
SEA	AUS	 271	Seattle   	Austin         
SEA	BDL	 435	Seattle   	Hartford       
SEA	BNA	 255	Seattle   	Nashville      
SEA	BOI	 200	Seattle   	Boise          
SEA	BOS	 320	Seattle   	Boston         
SEA	BUR	 228	Seattle   	Burbank        
SEA	BWI	 288	Seattle   	Baltimore      
SEA	CDG	1365	Seattle   	Paris          
SEA	CLE	 500	Seattle   	Cleveland      
SEA	CLT	 345	Seattle   	Charlotte      
SEA	CMH	 418	Seattle   	Columbus       
SEA	CUN	 530	Seattle   	Cancun         
SEA	DCA	 319	Seattle   	Washington     
SEA	DEN	 220	Seattle   	Denver         
SEA	DFW	 316	Seattle   	Dallas         
SEA	DTW	 358	Seattle   	Detroit        
SEA	EWR	 420	Seattle   	Newark         
SEA	FAI	 766	Seattle   	Fairbanks      
SEA	FAT	 285	Seattle   	Fresno         
SEA	FCO	1218	Seattle   	Rome           
SEA	FLL	 370	Seattle   	Ft. Lauderdale 
SEA	FRA	1012	Seattle   	Frankfurt      
SEA	GEG	 148	Seattle   	Spokane        
SEA	HNL	 606	Seattle   	Honolulu       
SEA	IAD	 496	Seattle   	Washington     
SEA	IAH	 348	Seattle   	Houston        
SEA	IND	 378	Seattle   	Indianapolis   
SEA	JFK	 335	Seattle   	New York       
SEA	KOA	 697	Seattle   	Kailua-Kona    
SEA	LAS	 216	Seattle   	Las Vegas      
SEA	LAX	 218	Seattle   	Los Angeles    
SEA	LGA	 335	Seattle   	New York       
SEA	LGB	 211	Seattle   	Long Beach     
SEA	LHR	1157	Seattle   	London         
SEA	LIH	 651	Seattle   	Kauai          
SEA	MBJ	 617	Seattle   	Montego Bay    
SEA	MCI	 286	Seattle   	Kansas City    
SEA	MCO	 338	Seattle   	Orlando        
SEA	MEX	 343	Seattle   	Mexico City    
SEA	MIA	 470	Seattle   	Miami          
SEA	MKE	 342	Seattle   	Milwaukee      
SEA	MSP	 287	Seattle   	Minneapolis    
SEA	MSY	 391	Seattle   	New Orleans    
SEA	NAS	 595	Seattle   	Nassau         
SEA	OAK	 218	Seattle   	Oakland        
SEA	OGG	 528	Seattle   	Maui           
SEA	OKC	 417	Seattle   	Oklahoma City  
SEA	OMA	 297	Seattle   	Omaha          
SEA	ONT	 238	Seattle   	Ontario        
SEA	ORD	 336	Seattle   	Chicago        
SEA	ORF	 470	Seattle   	Norfolk        
SEA	PDX	 162	Seattle   	Portland       
SEA	PHL	 437	Seattle   	Philadelphia   
SEA	PHX	 337	Seattle   	Phoenix        
SEA	PIT	 364	Seattle   	Pittsburgh     
SEA	PSP	 274	Seattle   	Palm Springs   
SEA	PVD	 355	Seattle   	Providence     
SEA	PVR	 445	Seattle   	Puerto Vallarta
SEA	RDU	 460	Seattle   	Raleigh        
SEA	RNO	 230	Seattle   	Reno           
SEA	SAN	 240	Seattle   	San Diego      
SEA	SAT	 351	Seattle   	San Antonio    
SEA	SBA	 331	Seattle   	Santa Barbara  
SEA	SFO	 198	Seattle   	San Francisco  
SEA	SJC	 218	Seattle   	San Jose       
SEA	SJD	 516	Seattle   	San Jose Cabo  
SEA	SLC	 298	Seattle   	Salt Lake City 
SEA	SMF	 296	Seattle   	Sacramento     
SEA	SNA	 230	Seattle   	Santa Ana      
SEA	STL	 317	Seattle   	St. Louis      
SEA	TPA	 417	Seattle   	Tampa          
SEA	TUS	 321	Seattle   	Tucson         
SEA	YUL	 643	Seattle   	Montreal       
SEA	YVR	 323	Seattle   	Vancouver      
SEA	YYC	 278	Seattle   	Calgary        
SEA	YYZ	 626	Seattle   	Toronto        
SFO	AMS	1443	San Francisco	Amsterdam      
SFO	ATL	 360	San Francisco	Atlanta        
SFO	AUS	 260	San Francisco	Austin         
SFO	BDL	 415	San Francisco	Hartford       
SFO	BOS	 351	San Francisco	Boston         
SFO	BUR	 238	San Francisco	Burbank        
SFO	BWI	 489	San Francisco	Baltimore      
SFO	CDG	1304	San Francisco	Paris          
SFO	CLE	 462	San Francisco	Cleveland      
SFO	CLT	 392	San Francisco	Charlotte      
SFO	CMH	 383	San Francisco	Columbus       
SFO	CUN	 473	San Francisco	Cancun         
SFO	CVG	 470	San Francisco	Cincinnati     
SFO	DCA	 347	San Francisco	Washington     
SFO	DEN	 257	San Francisco	Denver         
SFO	DFW	 320	San Francisco	Dallas         
SFO	DTW	 433	San Francisco	Detroit        
SFO	EWR	 339	San Francisco	Newark         
SFO	FCO	1462	San Francisco	Rome           
SFO	FLL	 320	San Francisco	Ft. Lauderdale 
SFO	FRA	1212	San Francisco	Frankfurt      
SFO	HNL	 652	San Francisco	Honolulu       
SFO	IAD	 453	San Francisco	Washington     
SFO	IAH	 403	San Francisco	Houston        
SFO	IND	 363	San Francisco	Indianapolis   
SFO	JFK	 409	San Francisco	New York       
SFO	KOA	 728	San Francisco	Kailua-Kona    
SFO	LAS	 178	San Francisco	Las Vegas      
SFO	LAX	 170	San Francisco	Los Angeles    
SFO	LGA	 412	San Francisco	New York       
SFO	LHR	1198	San Francisco	London         
SFO	LIH	 728	San Francisco	Kauai          
SFO	MCI	 341	San Francisco	Kansas City    
SFO	MCO	 416	San Francisco	Orlando        
SFO	MDW	 321	San Francisco	Chicago        
SFO	MEX	 403	San Francisco	Mexico City    
SFO	MIA	 380	San Francisco	Miami          
SFO	MKE	 297	San Francisco	Milwaukee      
SFO	MSP	 290	San Francisco	Minneapolis    
SFO	OGG	 728	San Francisco	Maui           
SFO	ORD	 318	San Francisco	Chicago        
SFO	PDX	 218	San Francisco	Portland       
SFO	PHL	 398	San Francisco	Philadelphia   
SFO	PHX	 252	San Francisco	Phoenix        
SFO	PIT	 417	San Francisco	Pittsburgh     
SFO	PSP	 214	San Francisco	Palm Springs   
SFO	PVR	 343	San Francisco	Puerto Vallarta
SFO	RDU	 387	San Francisco	Raleigh        
SFO	SAN	 178	San Francisco	San Diego      
SFO	SEA	 218	San Francisco	Seattle        
SFO	SJD	 383	San Francisco	San Jose Cabo  
SFO	SLC	 336	San Francisco	Salt Lake City 
SFO	SNA	 138	San Francisco	Santa Ana      
SFO	STL	 279	San Francisco	St. Louis      
SFO	TPA	 373	San Francisco	Tampa          
SFO	YUL	 351	San Francisco	Montreal       
SFO	YVR	 317	San Francisco	Vancouver      
SFO	YYC	 305	San Francisco	Calgary        
SFO	YYZ	 622	San Francisco	Toronto        
SJC	ATL	 387	San Jose  	Atlanta        
SJC	AUS	 298	San Jose  	Austin         
SJC	BOS	 373	San Jose  	Boston         
SJC	BWI	 389	San Jose  	Baltimore      
SJC	DEN	 264	San Jose  	Denver         
SJC	DFW	 431	San Jose  	Dallas         
SJC	DTW	 532	San Jose  	Detroit        
SJC	EWR	 271	San Jose  	Newark         
SJC	IAD	 453	San Jose  	Washington     
SJC	IAH	 322	San Jose  	Houston        
SJC	JFK	 321	San Jose  	New York       
SJC	MCO	 306	San Jose  	Orlando        
SJC	ORD	 271	San Jose  	Chicago        
SJC	PDX	 238	San Jose  	Portland       
SJC	PHL	 496	San Jose  	Philadelphia   
SJC	PHX	 272	San Jose  	Phoenix        
SJC	RDU	 493	San Jose  	Raleigh        
SJC	SAN	 188	San Jose  	San Diego      
SJC	SEA	 198	San Jose  	Seattle        
SJC	SLC	 292	San Jose  	Salt Lake City 
SJC	YYZ	 690	San Jose  	Toronto        
SJU	ATL	 263	San Juan  	Atlanta        
SJU	BOS	 247	San Juan  	Boston         
SJU	EWR	 302	San Juan  	Newark         
SJU	FLL	 173	San Juan  	Ft. Lauderdale 
SJU	JFK	 193	San Juan  	New York       
SJU	MCO	 233	San Juan  	Orlando        
SJU	MIA	 185	San Juan  	Miami          
SJU	ORD	 330	San Juan  	Chicago        
SJU	PHL	 418	San Juan  	Philadelphia   
SJU	TPA	 232	San Juan  	Tampa          
SLC	ATL	 330	Salt Lake City	Atlanta        
SLC	BOS	 370	Salt Lake City	Boston         
SLC	BWI	 472	Salt Lake City	Baltimore      
SLC	DCA	 420	Salt Lake City	Washington     
SLC	DEN	 160	Salt Lake City	Denver         
SLC	DFW	 414	Salt Lake City	Dallas         
SLC	DTW	 379	Salt Lake City	Detroit        
SLC	EWR	 424	Salt Lake City	Newark         
SLC	HNL	 894	Salt Lake City	Honolulu       
SLC	IAD	 469	Salt Lake City	Washington     
SLC	IAH	 394	Salt Lake City	Houston        
SLC	JFK	 290	Salt Lake City	New York       
SLC	LAS	 140	Salt Lake City	Las Vegas      
SLC	LAX	 230	Salt Lake City	Los Angeles    
SLC	LGB	 120	Salt Lake City	Long Beach     
SLC	MCI	 261	Salt Lake City	Kansas City    
SLC	MCO	 401	Salt Lake City	Orlando        
SLC	MSP	 327	Salt Lake City	Minneapolis    
SLC	OAK	 318	Salt Lake City	Oakland        
SLC	ORD	 424	Salt Lake City	Chicago        
SLC	PDX	 268	Salt Lake City	Portland       
SLC	PHL	 370	Salt Lake City	Philadelphia   
SLC	PHX	 268	Salt Lake City	Phoenix        
SLC	SAN	 265	Salt Lake City	San Diego      
SLC	SEA	 298	Salt Lake City	Seattle        
SLC	SFO	 343	Salt Lake City	San Francisco  
SLC	SNA	 273	Salt Lake City	Santa Ana      
SLC	STL	 361	Salt Lake City	St. Louis      
SMF	ATL	 451	Sacramento	Atlanta        
SMF	BOI	 220	Sacramento	Boise          
SMF	BWI	 490	Sacramento	Baltimore      
SMF	DEN	 260	Sacramento	Denver         
SMF	DFW	 380	Sacramento	Dallas         
SMF	DTW	 341	Sacramento	Detroit        
SMF	GEG	 325	Sacramento	Spokane        
SMF	HNL	 707	Sacramento	Honolulu       
SMF	IAD	 453	Sacramento	Washington     
SMF	IAH	 322	Sacramento	Houston        
SMF	JFK	 401	Sacramento	New York       
SMF	MCO	 366	Sacramento	Orlando        
SMF	MSP	 446	Sacramento	Minneapolis    
SMF	OGG	 596	Sacramento	Maui           
SMF	ORD	 461	Sacramento	Chicago        
SMF	PDX	 174	Sacramento	Portland       
SMF	PHL	 471	Sacramento	Philadelphia   
SMF	SEA	 296	Sacramento	Seattle        
SMF	SLC	 331	Sacramento	Salt Lake City 
SMF	SNA	 195	Sacramento	Santa Ana      
SMF	STL	 415	Sacramento	St. Louis      
SNA	ATL	 281	Santa Ana 	Atlanta        
SNA	DEN	 250	Santa Ana 	Denver         
SNA	DFW	 350	Santa Ana 	Dallas         
SNA	DTW	 324	Santa Ana 	Detroit        
SNA	EWR	 271	Santa Ana 	Newark         
SNA	HNL	 797	Santa Ana 	Honolulu       
SNA	LAS	 132	Santa Ana 	Las Vegas      
SNA	OGG	 802	Santa Ana 	Maui           
SNA	ORD	 271	Santa Ana 	Chicago        
SNA	PDX	 218	Santa Ana 	Portland       
SNA	PHL	 358	Santa Ana 	Philadelphia   
SNA	PHX	 160	Santa Ana 	Phoenix        
SNA	SEA	 232	Santa Ana 	Seattle        
SNA	SFO	 138	Santa Ana 	San Francisco  
SNA	SMF	 201	Santa Ana 	Sacramento     
SNA	STL	 342	Santa Ana 	St. Louis      
STL	ATL	 171	St. Louis 	Atlanta        
STL	BOS	 241	St. Louis 	Boston         
STL	BWI	 322	St. Louis 	Baltimore      
STL	DCA	 233	St. Louis 	Washington     
STL	DEN	 170	St. Louis 	Denver         
STL	DFW	 162	St. Louis 	Dallas         
STL	DTW	 200	St. Louis 	Detroit        
STL	EWR	 323	St. Louis 	Newark         
STL	FLL	 238	St. Louis 	Ft. Lauderdale 
STL	IAD	 275	St. Louis 	Washington     
STL	IAH	 151	St. Louis 	Houston        
STL	LAS	 234	St. Louis 	Las Vegas      
STL	LAX	 311	St. Louis 	Los Angeles    
STL	LGA	 303	St. Louis 	New York       
STL	MCO	 228	St. Louis 	Orlando        
STL	MIA	 260	St. Louis 	Miami          
STL	MSP	 140	St. Louis 	Minneapolis    
STL	ORD	 204	St. Louis 	Chicago        
STL	PDX	 356	St. Louis 	Portland       
STL	PHL	 300	St. Louis 	Philadelphia   
STL	PHX	 253	St. Louis 	Phoenix        
STL	RDU	 294	St. Louis 	Raleigh        
STL	RSW	 264	St. Louis 	Ft. Myers      
STL	SAN	 240	St. Louis 	San Diego      
STL	SAT	 306	St. Louis 	San Antonio    
STL	SEA	 317	St. Louis 	Seattle        
STL	SFO	 279	St. Louis 	San Francisco  
STL	SLC	 411	St. Louis 	Salt Lake City 
STL	SMF	 408	St. Louis 	Sacramento     
STL	SNA	 342	St. Louis 	Santa Ana      
STL	TPA	 292	St. Louis 	Tampa          
TPA	ATL	 225	Tampa     	Atlanta        
TPA	BDL	 238	Tampa     	Hartford       
TPA	BOS	 297	Tampa     	Boston         
TPA	BUF	 234	Tampa     	Buffalo        
TPA	CLE	 240	Tampa     	Cleveland      
TPA	CLT	 266	Tampa     	Charlotte      
TPA	CMH	 238	Tampa     	Columbus       
TPA	DCA	 200	Tampa     	Washington     
TPA	DEN	 332	Tampa     	Denver         
TPA	DFW	 238	Tampa     	Dallas         
TPA	DTW	 171	Tampa     	Detroit        
TPA	EWR	 230	Tampa     	Newark         
TPA	IAD	 198	Tampa     	Washington     
TPA	IAH	 315	Tampa     	Houston        
TPA	IND	 238	Tampa     	Indianapolis   
TPA	JFK	 200	Tampa     	New York       
TPA	LAS	 241	Tampa     	Las Vegas      
TPA	LAX	 459	Tampa     	Los Angeles    
TPA	LGA	 200	Tampa     	New York       
TPA	MCI	 299	Tampa     	Kansas City    
TPA	MIA	 174	Tampa     	Miami          
TPA	MKE	 235	Tampa     	Milwaukee      
TPA	MSP	 314	Tampa     	Minneapolis    
TPA	ORD	 204	Tampa     	Chicago        
TPA	PHL	 294	Tampa     	Philadelphia   
TPA	PHX	 413	Tampa     	Phoenix        
TPA	PIT	 232	Tampa     	Pittsburgh     
TPA	RDU	 178	Tampa     	Raleigh        
TPA	SEA	 404	Tampa     	Seattle        
TPA	SFO	 366	Tampa     	San Francisco  
TPA	SJU	 239	Tampa     	San Juan       
TPA	STL	 292	Tampa     	St. Louis      
YUL	FLL	 353	Montreal  	Ft. Lauderdale 
YUL	JFK	 321	Montreal  	New York       
YUL	LAS	 429	Montreal  	Las Vegas      
YUL	LAX	 531	Montreal  	Los Angeles    
YUL	LGA	 321	Montreal  	New York       
YUL	MCO	 283	Montreal  	Orlando        
YUL	MIA	 373	Montreal  	Miami          
YUL	ORD	 561	Montreal  	Chicago        
YUL	YHZ	 554	Montreal  	Halifax        
YUL	YOW	 336	Montreal  	Ottawa         
YUL	YQB	 485	Montreal  	Quebec         
YUL	YQM	 566	Montreal  	Moncton        
YUL	YVR	 582	Montreal  	Vancouver      
YUL	YWG	 489	Montreal  	Winnipeg       
YUL	YYC	 534	Montreal  	Calgary        
YUL	YYZ	 245	Montreal  	Toronto        
YVR	HNL	 520	Vancouver 	Honolulu       
YVR	JFK	 625	Vancouver 	New York       
YVR	LAS	 312	Vancouver 	Las Vegas      
YVR	LAX	 285	Vancouver 	Los Angeles    
YVR	OGG	 522	Vancouver 	Maui           
YVR	SAN	 411	Vancouver 	San Diego      
YVR	SFO	 321	Vancouver 	San Francisco  
YVR	YCD	 447	Vancouver 	Nanaimo        
YVR	YEG	 320	Vancouver 	Edmonton       
YVR	YKA	 532	Vancouver 	Kamloops       
YVR	YLW	 214	Vancouver 	Kelowna        
YVR	YOW	 548	Vancouver 	Ottawa         
YVR	YUL	 580	Vancouver 	Montreal       
YVR	YWG	 441	Vancouver 	Winnipeg       
YVR	YXS	 284	Vancouver 	Prince George  
YVR	YYC	 327	Vancouver 	Calgary        
YVR	YYJ	 253	Vancouver 	Victoria       
YVR	YYZ	 599	Vancouver 	Toronto        
YYC	HNL	 582	Calgary   	Honolulu       
YYC	LAS	 361	Calgary   	Las Vegas      
YYC	LAX	 304	Calgary   	Los Angeles    
YYC	OGG	 597	Calgary   	Maui           
YYC	PHX	 371	Calgary   	Phoenix        
YYC	SFO	 327	Calgary   	San Francisco  
YYC	YUL	 571	Calgary   	Montreal       
YYC	YVR	 309	Calgary   	Vancouver      
YYC	YYZ	 485	Calgary   	Toronto        
YYZ	ATL	 590	Toronto   	Atlanta        
YYZ	BOS	 307	Toronto   	Boston         
YYZ	DEN	 555	Toronto   	Denver         
YYZ	DFW	 603	Toronto   	Dallas         
YYZ	EWR	 285	Toronto   	Newark         
YYZ	JFK	 269	Toronto   	New York       
YYZ	LAS	 427	Toronto   	Las Vegas      
YYZ	LAX	 527	Toronto   	Los Angeles    
YYZ	LGA	 268	Toronto   	New York       
YYZ	MIA	 306	Toronto   	Miami          
YYZ	ORD	 416	Toronto   	Chicago        
YYZ	PHX	 380	Toronto   	Phoenix        
YYZ	SAN	 536	Toronto   	San Diego      
YYZ	SEA	 637	Toronto   	Seattle        
YYZ	SFO	 622	Toronto   	San Francisco  
YYZ	YEG	 500	Toronto   	Edmonton       
YYZ	YHZ	 401	Toronto   	Halifax        
YYZ	YLW	 534	Toronto   	Kelowna        
YYZ	YOW	 222	Toronto   	Ottawa         
YYZ	YQB	 266	Toronto   	Quebec         
YYZ	YQM	 401	Toronto   	Moncton        
YYZ	YQR	 531	Toronto   	Regina         
YYZ	YQT	 285	Toronto   	Thunder Bay    
YYZ	YUL	 242	Toronto   	Montreal       
YYZ	YVR	 558	Toronto   	Vancouver      
YYZ	YWG	 425	Toronto   	Winnipeg       
YYZ	YXE	 542	Toronto   	Saskatoon      
YYZ	YXU	 467	Toronto   	London         
YYZ	YYC	 517	Toronto   	Calgary        
YYZ	YYT	 566	Toronto   	Saint John's   
